n,deslocamento,x,y
0,0,0,0
1,8,0,8
2,4,0,4
3,12,0,12
4,118,1,18
5,132,1,32
6,136,1,36
7,140,1,40
8,144,1,44
9,166,1,66
10,170,1,70
11,174,1,74
12,178,1,78
13,182,1,82
14,186,1,86
15,190,1,90
16,194,1,94
17,232,2,32
18,236,2,36
19,240,2,40
20,244,2,44
21,248,2,48
22,252,2,52
23,256,2,56
24,260,2,60
25,264,2,64
26,268,2,68
27,272,2,72
28,276,2,76
29,280,2,80
30,284,2,84
31,288,2,88
32,292,2,92
33,362,3,62
34,366,3,66
35,370,3,70
36,374,3,74
37,378,3,78
38,382,3,82
39,386,3,86
40,390,3,90
41,394,3,94
42,398,3,98
43,402,4,2
44,406,4,6
45,410,4,10
46,414,4,14
47,418,4,18
48,422,4,22
49,426,4,26
50,430,4,30
51,434,4,34
52,438,4,38
53,442,4,42
54,446,4,46
55,450,4,50
56,454,4,54
57,458,4,58
58,462,4,62
59,466,4,66
60,470,4,70
61,474,4,74
62,478,4,78
63,482,4,82
64,486,4,86
65,620,6,20
66,624,6,24
67,628,6,28
68,632,6,32
69,636,6,36
70,640,6,40
71,644,6,44
72,648,6,48
73,652,6,52
74,656,6,56
75,660,6,60
76,664,6,64
77,668,6,68
78,672,6,72
79,676,6,76
80,680,6,80
81,684,6,84
82,688,6,88
83,692,6,92
84,696,6,96
85,700,7,0
86,704,7,4
87,708,7,8
88,712,7,12
89,716,7,16
90,720,7,20
91,724,7,24
92,728,7,28
93,732,7,32
94,736,7,36
95,740,7,40
96,744,7,44
97,748,7,48
98,752,7,52
99,756,7,56
100,760,7,60
101,764,7,64
102,768,7,68
103,772,7,72
104,776,7,76
105,780,7,80
106,784,7,84
107,788,7,88
108,792,7,92
109,796,7,96
110,800,8,0
111,804,8,4
112,808,8,8
113,812,8,12
114,816,8,16
115,820,8,20
116,824,8,24
117,828,8,28
118,832,8,32
119,836,8,36
120,840,8,40
121,844,8,44
122,848,8,48
123,852,8,52
124,856,8,56
125,860,8,60
126,864,8,64
127,868,8,68
128,872,8,72
129,1134,11,34
130,1138,11,38
131,1142,11,42
132,1146,11,46
133,1150,11,50
134,1154,11,54
135,1158,11,58
136,1162,11,62
137,1166,11,66
138,1170,11,70
139,1174,11,74
140,1178,11,78
141,1182,11,82
142,1186,11,86
143,1190,11,90
144,1194,11,94
145,1198,11,98
146,1202,12,2
147,1206,12,6
148,1210,12,10
149,1214,12,14
150,1218,12,18
151,1222,12,22
152,1226,12,26
153,1230,12,30
154,1234,12,34
155,1238,12,38
156,1242,12,42
157,1246,12,46
158,1250,12,50
159,1254,12,54
160,1258,12,58
161,1262,12,62
162,1266,12,66
163,1270,12,70
164,1274,12,74
165,1278,12,78
166,1282,12,82
167,1286,12,86
168,1290,12,90
169,1294,12,94
170,1298,12,98
171,1302,13,2
172,1306,13,6
173,1310,13,10
174,1314,13,14
175,1318,13,18
176,1322,13,22
177,1326,13,26
178,1330,13,30
179,1334,13,34
180,1338,13,38
181,1342,13,42
182,1346,13,46
183,1350,13,50
184,1354,13,54
185,1358,13,58
186,1362,13,62
187,1366,13,66
188,1370,13,70
189,1374,13,74
190,1378,13,78
191,1382,13,82
192,1386,13,86
193,1390,13,90
194,1394,13,94
195,1398,13,98
196,1402,14,2
197,1406,14,6
198,1410,14,10
199,1414,14,14
200,1418,14,18
201,1422,14,22
202,1426,14,26
203,1430,14,30
204,1434,14,34
205,1438,14,38
206,1442,14,42
207,1446,14,46
208,1450,14,50
209,1454,14,54
210,1458,14,58
211,1462,14,62
212,1466,14,66
213,1470,14,70
214,1474,14,74
215,1478,14,78
216,1482,14,82
217,1486,14,86
218,1490,14,90
219,1494,14,94
220,1498,14,98
221,1502,15,2
222,1506,15,6
223,1510,15,10
224,1514,15,14
225,1518,15,18
226,1522,15,22
227,1526,15,26
228,1530,15,30
229,1534,15,34
230,1538,15,38
231,1542,15,42
232,1546,15,46
233,1550,15,50
234,1554,15,54
235,1558,15,58
236,1562,15,62
237,1566,15,66
238,1570,15,70
239,1574,15,74
240,1578,15,78
241,1582,15,82
242,1586,15,86
243,1590,15,90
244,1594,15,94
245,1598,15,98
246,1602,16,2
247,1606,16,6
248,1610,16,10
249,1614,16,14
250,1618,16,18
251,1622,16,22
252,1626,16,26
253,1630,16,30
254,1634,16,34
255,1638,16,38
256,1642,16,42
257,876,8,76
258,880,8,80
259,884,8,84
260,888,8,88
261,892,8,92
262,896,8,96
263,900,9,0
264,904,9,4
265,908,9,8
266,912,9,12
267,916,9,16
268,920,9,20
269,924,9,24
270,928,9,28
271,932,9,32
272,936,9,36
273,940,9,40
274,944,9,44
275,948,9,48
276,952,9,52
277,956,9,56
278,960,9,60
279,964,9,64
280,968,9,68
281,972,9,72
282,976,9,76
283,980,9,80
284,984,9,84
285,988,9,88
286,992,9,92
287,996,9,96
288,1000,10,0
289,1004,10,4
290,1008,10,8
291,1012,10,12
292,1016,10,16
293,1020,10,20
294,1024,10,24
295,1028,10,28
296,1032,10,32
297,1036,10,36
298,1040,10,40
299,1044,10,44
300,1048,10,48
301,1052,10,52
302,1056,10,56
303,1060,10,60
304,1064,10,64
305,1068,10,68
306,1072,10,72
307,1076,10,76
308,1080,10,80
309,1084,10,84
310,1088,10,88
311,1092,10,92
312,1096,10,96
313,1100,11,0
314,1104,11,4
315,1108,11,8
316,1112,11,12
317,1116,11,16
318,1120,11,20
319,1124,11,24
320,1128,11,28
321,2160,21,60
322,2164,21,64
323,2168,21,68
324,2172,21,72
325,2176,21,76
326,2180,21,80
327,2184,21,84
328,2188,21,88
329,2192,21,92
330,2196,21,96
331,2200,22,0
332,2204,22,4
333,2208,22,8
334,2212,22,12
335,2216,22,16
336,2220,22,20
337,2224,22,24
338,2228,22,28
339,2232,22,32
340,2236,22,36
341,2240,22,40
342,2244,22,44
343,2248,22,48
344,2252,22,52
345,2256,22,56
346,2260,22,60
347,2264,22,64
348,2268,22,68
349,2272,22,72
350,2276,22,76
351,2280,22,80
352,2284,22,84
353,2288,22,88
354,2292,22,92
355,2296,22,96
356,2300,23,0
357,2304,23,4
358,2308,23,8
359,2312,23,12
360,2316,23,16
361,2320,23,20
362,2324,23,24
363,2328,23,28
364,2332,23,32
365,2336,23,36
366,2340,23,40
367,2344,23,44
368,2348,23,48
369,2352,23,52
370,2356,23,56
371,2360,23,60
372,2364,23,64
373,2368,23,68
374,2372,23,72
375,2376,23,76
376,2380,23,80
377,2384,23,84
378,2388,23,88
379,2392,23,92
380,2396,23,96
381,2400,24,0
382,2404,24,4
383,2408,24,8
384,2412,24,12
385,2416,24,16
386,2420,24,20
387,2424,24,24
388,2428,24,28
389,2432,24,32
390,2436,24,36
391,2440,24,40
392,2444,24,44
393,2448,24,48
394,2452,24,52
395,2456,24,56
396,2460,24,60
397,2464,24,64
398,2468,24,68
399,2472,24,72
400,2476,24,76
401,2480,24,80
402,2484,24,84
403,2488,24,88
404,2492,24,92
405,2496,24,96
406,2500,25,0
407,2504,25,4
408,2508,25,8
409,2512,25,12
410,2516,25,16
411,2520,25,20
412,2524,25,24
413,2528,25,28
414,2532,25,32
415,2536,25,36
416,2540,25,40
417,2544,25,44
418,2548,25,48
419,2552,25,52
420,2556,25,56
421,2560,25,60
422,2564,25,64
423,2568,25,68
424,2572,25,72
425,2576,25,76
426,2580,25,80
427,2584,25,84
428,2588,25,88
429,2592,25,92
430,2596,25,96
431,2600,26,0
432,2604,26,4
433,2608,26,8
434,2612,26,12
435,2616,26,16
436,2620,26,20
437,2624,26,24
438,2628,26,28
439,2632,26,32
440,2636,26,36
441,2640,26,40
442,2644,26,44
443,2648,26,48
444,2652,26,52
445,2656,26,56
446,2660,26,60
447,2664,26,64
448,2668,26,68
449,2672,26,72
450,2676,26,76
451,2680,26,80
452,2684,26,84
453,2688,26,88
454,2692,26,92
455,2696,26,96
456,2700,27,0
457,2704,27,4
458,2708,27,8
459,2712,27,12
460,2716,27,16
461,2720,27,20
462,2724,27,24
463,2728,27,28
464,2732,27,32
465,2736,27,36
466,2740,27,40
467,2744,27,44
468,2748,27,48
469,2752,27,52
470,2756,27,56
471,2760,27,60
472,2764,27,64
473,2768,27,68
474,2772,27,72
475,2776,27,76
476,2780,27,80
477,2784,27,84
478,2788,27,88
479,2792,27,92
480,2796,27,96
481,2800,28,0
482,2804,28,4
483,2808,28,8
484,2812,28,12
485,2816,28,16
486,2820,28,20
487,2824,28,24
488,2828,28,28
489,2832,28,32
490,2836,28,36
491,2840,28,40
492,2844,28,44
493,2848,28,48
494,2852,28,52
495,2856,28,56
496,2860,28,60
497,2864,28,64
498,2868,28,68
499,2872,28,72
500,2876,28,76
501,2880,28,80
502,2884,28,84
503,2888,28,88
504,2892,28,92
505,2896,28,96
506,2900,29,0
507,2904,29,4
508,2908,29,8
509,2912,29,12
510,2916,29,16
511,2920,29,20
512,2924,29,24
513,1646,16,46
514,1650,16,50
515,1654,16,54
516,1658,16,58
517,1662,16,62
518,1666,16,66
519,1670,16,70
520,1674,16,74
521,1678,16,78
522,1682,16,82
523,1686,16,86
524,1690,16,90
525,1694,16,94
526,1698,16,98
527,1702,17,2
528,1706,17,6
529,1710,17,10
530,1714,17,14
531,1718,17,18
532,1722,17,22
533,1726,17,26
534,1730,17,30
535,1734,17,34
536,1738,17,38
537,1742,17,42
538,1746,17,46
539,1750,17,50
540,1754,17,54
541,1758,17,58
542,1762,17,62
543,1766,17,66
544,1770,17,70
545,1774,17,74
546,1778,17,78
547,1782,17,82
548,1786,17,86
549,1790,17,90
550,1794,17,94
551,1798,17,98
552,1802,18,2
553,1806,18,6
554,1810,18,10
555,1814,18,14
556,1818,18,18
557,1822,18,22
558,1826,18,26
559,1830,18,30
560,1834,18,34
561,1838,18,38
562,1842,18,42
563,1846,18,46
564,1850,18,50
565,1854,18,54
566,1858,18,58
567,1862,18,62
568,1866,18,66
569,1870,18,70
570,1874,18,74
571,1878,18,78
572,1882,18,82
573,1886,18,86
574,1890,18,90
575,1894,18,94
576,1898,18,98
577,1902,19,2
578,1906,19,6
579,1910,19,10
580,1914,19,14
581,1918,19,18
582,1922,19,22
583,1926,19,26
584,1930,19,30
585,1934,19,34
586,1938,19,38
587,1942,19,42
588,1946,19,46
589,1950,19,50
590,1954,19,54
591,1958,19,58
592,1962,19,62
593,1966,19,66
594,1970,19,70
595,1974,19,74
596,1978,19,78
597,1982,19,82
598,1986,19,86
599,1990,19,90
600,1994,19,94
601,1998,19,98
602,2002,20,2
603,2006,20,6
604,2010,20,10
605,2014,20,14
606,2018,20,18
607,2022,20,22
608,2026,20,26
609,2030,20,30
610,2034,20,34
611,2038,20,38
612,2042,20,42
613,2046,20,46
614,2050,20,50
615,2054,20,54
616,2058,20,58
617,2062,20,62
618,2066,20,66
619,2070,20,70
620,2074,20,74
621,2078,20,78
622,2082,20,82
623,2086,20,86
624,2090,20,90
625,2094,20,94
626,2098,20,98
627,2102,21,2
628,2106,21,6
629,2110,21,10
630,2114,21,14
631,2118,21,18
632,2122,21,22
633,2126,21,26
634,2130,21,30
635,2134,21,34
636,2138,21,38
637,2142,21,42
638,2146,21,46
639,2150,21,50
640,2154,21,54
641,3954,39,54
642,3958,39,58
643,3962,39,62
644,3966,39,66
645,3970,39,70
646,3974,39,74
647,3978,39,78
648,3982,39,82
649,3986,39,86
650,3990,39,90
651,3994,39,94
652,3998,39,98
653,4002,40,2
654,4006,40,6
655,4010,40,10
656,4014,40,14
657,4018,40,18
658,4022,40,22
659,4026,40,26
660,4030,40,30
661,4034,40,34
662,4038,40,38
663,4042,40,42
664,4046,40,46
665,4050,40,50
666,4054,40,54
667,4058,40,58
668,4062,40,62
669,4066,40,66
670,4070,40,70
671,4074,40,74
672,4078,40,78
673,4082,40,82
674,4086,40,86
675,4090,40,90
676,4094,40,94
677,4098,40,98
678,4102,41,2
679,4106,41,6
680,4110,41,10
681,4114,41,14
682,4118,41,18
683,4122,41,22
684,4126,41,26
685,4130,41,30
686,4134,41,34
687,4138,41,38
688,4142,41,42
689,4146,41,46
690,4150,41,50
691,4154,41,54
692,4158,41,58
693,4162,41,62
694,4166,41,66
695,4170,41,70
696,4174,41,74
697,4178,41,78
698,4182,41,82
699,4186,41,86
700,4190,41,90
701,4194,41,94
702,4198,41,98
703,4202,42,2
704,4206,42,6
705,4210,42,10
706,4214,42,14
707,4218,42,18
708,4222,42,22
709,4226,42,26
710,4230,42,30
711,4234,42,34
712,4238,42,38
713,4242,42,42
714,4246,42,46
715,4250,42,50
716,4254,42,54
717,4258,42,58
718,4262,42,62
719,4266,42,66
720,4270,42,70
721,4274,42,74
722,4278,42,78
723,4282,42,82
724,4286,42,86
725,4290,42,90
726,4294,42,94
727,4298,42,98
728,4302,43,2
729,4306,43,6
730,4310,43,10
731,4314,43,14
732,4318,43,18
733,4322,43,22
734,4326,43,26
735,4330,43,30
736,4334,43,34
737,4338,43,38
738,4342,43,42
739,4346,43,46
740,4350,43,50
741,4354,43,54
742,4358,43,58
743,4362,43,62
744,4366,43,66
745,4370,43,70
746,4374,43,74
747,4378,43,78
748,4382,43,82
749,4386,43,86
750,4390,43,90
751,4394,43,94
752,4398,43,98
753,4402,44,2
754,4406,44,6
755,4410,44,10
756,4414,44,14
757,4418,44,18
758,4422,44,22
759,4426,44,26
760,4430,44,30
761,4434,44,34
762,4438,44,38
763,4442,44,42
764,4446,44,46
765,4450,44,50
766,4454,44,54
767,4458,44,58
768,4462,44,62
769,4466,44,66
770,4470,44,70
771,4474,44,74
772,4478,44,78
773,4482,44,82
774,4486,44,86
775,4490,44,90
776,4494,44,94
777,4498,44,98
778,4502,45,2
779,4506,45,6
780,4510,45,10
781,4514,45,14
782,4518,45,18
783,4522,45,22
784,4526,45,26
785,4530,45,30
786,4534,45,34
787,4538,45,38
788,4542,45,42
789,4546,45,46
790,4550,45,50
791,4554,45,54
792,4558,45,58
793,4562,45,62
794,4566,45,66
795,4570,45,70
796,4574,45,74
797,4578,45,78
798,4582,45,82
799,4586,45,86
800,4590,45,90
801,4594,45,94
802,4598,45,98
803,4602,46,2
804,4606,46,6
805,4610,46,10
806,4614,46,14
807,4618,46,18
808,4622,46,22
809,4626,46,26
810,4630,46,30
811,4634,46,34
812,4638,46,38
813,4642,46,42
814,4646,46,46
815,4650,46,50
816,4654,46,54
817,4658,46,58
818,4662,46,62
819,4666,46,66
820,4670,46,70
821,4674,46,74
822,4678,46,78
823,4682,46,82
824,4686,46,86
825,4690,46,90
826,4694,46,94
827,4698,46,98
828,4702,47,2
829,4706,47,6
830,4710,47,10
831,4714,47,14
832,4718,47,18
833,4722,47,22
834,4726,47,26
835,4730,47,30
836,4734,47,34
837,4738,47,38
838,4742,47,42
839,4746,47,46
840,4750,47,50
841,4754,47,54
842,4758,47,58
843,4762,47,62
844,4766,47,66
845,4770,47,70
846,4774,47,74
847,4778,47,78
848,4782,47,82
849,4786,47,86
850,4790,47,90
851,4794,47,94
852,4798,47,98
853,4802,48,2
854,4806,48,6
855,4810,48,10
856,4814,48,14
857,4818,48,18
858,4822,48,22
859,4826,48,26
860,4830,48,30
861,4834,48,34
862,4838,48,38
863,4842,48,42
864,4846,48,46
865,4850,48,50
866,4854,48,54
867,4858,48,58
868,4862,48,62
869,4866,48,66
870,4870,48,70
871,4874,48,74
872,4878,48,78
873,4882,48,82
874,4886,48,86
875,4890,48,90
876,4894,48,94
877,4898,48,98
878,4902,49,2
879,4906,49,6
880,4910,49,10
881,4914,49,14
882,4918,49,18
883,4922,49,22
884,4926,49,26
885,4930,49,30
886,4934,49,34
887,4938,49,38
888,4942,49,42
889,4946,49,46
890,4950,49,50
891,4954,49,54
892,4958,49,58
893,4962,49,62
894,4966,49,66
895,4970,49,70
896,4974,49,74
897,4978,49,78
898,4982,49,82
899,4986,49,86
900,4990,49,90
901,4994,49,94
902,4998,49,98
903,5002,50,2
904,5006,50,6
905,5010,50,10
906,5014,50,14
907,5018,50,18
908,5022,50,22
909,5026,50,26
910,5030,50,30
911,5034,50,34
912,5038,50,38
913,5042,50,42
914,5046,50,46
915,5050,50,50
916,5054,50,54
917,5058,50,58
918,5062,50,62
919,5066,50,66
920,5070,50,70
921,5074,50,74
922,5078,50,78
923,5082,50,82
924,5086,50,86
925,5090,50,90
926,5094,50,94
927,5098,50,98
928,5102,51,2
929,5106,51,6
930,5110,51,10
931,5114,51,14
932,5118,51,18
933,5122,51,22
934,5126,51,26
935,5130,51,30
936,5134,51,34
937,5138,51,38
938,5142,51,42
939,5146,51,46
940,5150,51,50
941,5154,51,54
942,5158,51,58
943,5162,51,62
944,5166,51,66
945,5170,51,70
946,5174,51,74
947,5178,51,78
948,5182,51,82
949,5186,51,86
950,5190,51,90
951,5194,51,94
952,5198,51,98
953,5202,52,2
954,5206,52,6
955,5210,52,10
956,5214,52,14
957,5218,52,18
958,5222,52,22
959,5226,52,26
960,5230,52,30
961,5234,52,34
962,5238,52,38
963,5242,52,42
964,5246,52,46
965,5250,52,50
966,5254,52,54
967,5258,52,58
968,5262,52,62
969,5266,52,66
970,5270,52,70
971,5274,52,74
972,5278,52,78
973,5282,52,82
974,5286,52,86
975,5290,52,90
976,5294,52,94
977,5298,52,98
978,5302,53,2
979,5306,53,6
980,5310,53,10
981,5314,53,14
982,5318,53,18
983,5322,53,22
984,5326,53,26
985,5330,53,30
986,5334,53,34
987,5338,53,38
988,5342,53,42
989,5346,53,46
990,5350,53,50
991,5354,53,54
992,5358,53,58
993,5362,53,62
994,5366,53,66
995,5370,53,70
996,5374,53,74
997,5378,53,78
998,5382,53,82
999,5386,53,86
1000,5390,53,90
1001,5394,53,94
1002,5398,53,98
1003,5402,54,2
1004,5406,54,6
1005,5410,54,10
1006,5414,54,14
1007,5418,54,18
1008,5422,54,22
1009,5426,54,26
1010,5430,54,30
1011,5434,54,34
1012,5438,54,38
1013,5442,54,42
1014,5446,54,46
1015,5450,54,50
1016,5454,54,54
1017,5458,54,58
1018,5462,54,62
1019,5466,54,66
1020,5470,54,70
1021,5474,54,74
1022,5478,54,78
1023,5482,54,82
1024,5486,54,86
1025,2928,29,28
1026,2932,29,32
1027,2936,29,36
1028,2940,29,40
1029,2944,29,44
1030,2948,29,48
1031,2952,29,52
1032,2956,29,56
1033,2960,29,60
1034,2964,29,64
1035,2968,29,68
1036,2972,29,72
1037,2976,29,76
1038,2980,29,80
1039,2984,29,84
1040,2988,29,88
1041,2992,29,92
1042,2996,29,96
1043,3000,30,0
1044,3004,30,4
1045,3008,30,8
1046,3012,30,12
1047,3016,30,16
1048,3020,30,20
1049,3024,30,24
1050,3028,30,28
1051,3032,30,32
1052,3036,30,36
1053,3040,30,40
1054,3044,30,44
1055,3048,30,48
1056,3052,30,52
1057,3056,30,56
1058,3060,30,60
1059,3064,30,64
1060,3068,30,68
1061,3072,30,72
1062,3076,30,76
1063,3080,30,80
1064,3084,30,84
1065,3088,30,88
1066,3092,30,92
1067,3096,30,96
1068,3100,31,0
1069,3104,31,4
1070,3108,31,8
1071,3112,31,12
1072,3116,31,16
1073,3120,31,20
1074,3124,31,24
1075,3128,31,28
1076,3132,31,32
1077,3136,31,36
1078,3140,31,40
1079,3144,31,44
1080,3148,31,48
1081,3152,31,52
1082,3156,31,56
1083,3160,31,60
1084,3164,31,64
1085,3168,31,68
1086,3172,31,72
1087,3176,31,76
1088,3180,31,80
1089,3184,31,84
1090,3188,31,88
1091,3192,31,92
1092,3196,31,96
1093,3200,32,0
1094,3204,32,4
1095,3208,32,8
1096,3212,32,12
1097,3216,32,16
1098,3220,32,20
1099,3224,32,24
1100,3228,32,28
1101,3232,32,32
1102,3236,32,36
1103,3240,32,40
1104,3244,32,44
1105,3248,32,48
1106,3252,32,52
1107,3256,32,56
1108,3260,32,60
1109,3264,32,64
1110,3268,32,68
1111,3272,32,72
1112,3276,32,76
1113,3280,32,80
1114,3284,32,84
1115,3288,32,88
1116,3292,32,92
1117,3296,32,96
1118,3300,33,0
1119,3304,33,4
1120,3308,33,8
1121,3312,33,12
1122,3316,33,16
1123,3320,33,20
1124,3324,33,24
1125,3328,33,28
1126,3332,33,32
1127,3336,33,36
1128,3340,33,40
1129,3344,33,44
1130,3348,33,48
1131,3352,33,52
1132,3356,33,56
1133,3360,33,60
1134,3364,33,64
1135,3368,33,68
1136,3372,33,72
1137,3376,33,76
1138,3380,33,80
1139,3384,33,84
1140,3388,33,88
1141,3392,33,92
1142,3396,33,96
1143,3400,34,0
1144,3404,34,4
1145,3408,34,8
1146,3412,34,12
1147,3416,34,16
1148,3420,34,20
1149,3424,34,24
1150,3428,34,28
1151,3432,34,32
1152,3436,34,36
1153,3440,34,40
1154,3444,34,44
1155,3448,34,48
1156,3452,34,52
1157,3456,34,56
1158,3460,34,60
1159,3464,34,64
1160,3468,34,68
1161,3472,34,72
1162,3476,34,76
1163,3480,34,80
1164,3484,34,84
1165,3488,34,88
1166,3492,34,92
1167,3496,34,96
1168,3500,35,0
1169,3504,35,4
1170,3508,35,8
1171,3512,35,12
1172,3516,35,16
1173,3520,35,20
1174,3524,35,24
1175,3528,35,28
1176,3532,35,32
1177,3536,35,36
1178,3540,35,40
1179,3544,35,44
1180,3548,35,48
1181,3552,35,52
1182,3556,35,56
1183,3560,35,60
1184,3564,35,64
1185,3568,35,68
1186,3572,35,72
1187,3576,35,76
1188,3580,35,80
1189,3584,35,84
1190,3588,35,88
1191,3592,35,92
1192,3596,35,96
1193,3600,36,0
1194,3604,36,4
1195,3608,36,8
1196,3612,36,12
1197,3616,36,16
1198,3620,36,20
1199,3624,36,24
1200,3628,36,28
1201,3632,36,32
1202,3636,36,36
1203,3640,36,40
1204,3644,36,44
1205,3648,36,48
1206,3652,36,52
1207,3656,36,56
1208,3660,36,60
1209,3664,36,64
1210,3668,36,68
1211,3672,36,72
1212,3676,36,76
1213,3680,36,80
1214,3684,36,84
1215,3688,36,88
1216,3692,36,92
1217,3696,36,96
1218,3700,37,0
1219,3704,37,4
1220,3708,37,8
1221,3712,37,12
1222,3716,37,16
1223,3720,37,20
1224,3724,37,24
1225,3728,37,28
1226,3732,37,32
1227,3736,37,36
1228,3740,37,40
1229,3744,37,44
1230,3748,37,48
1231,3752,37,52
1232,3756,37,56
1233,3760,37,60
1234,3764,37,64
1235,3768,37,68
1236,3772,37,72
1237,3776,37,76
1238,3780,37,80
1239,3784,37,84
1240,3788,37,88
1241,3792,37,92
1242,3796,37,96
1243,3800,38,0
1244,3804,38,4
1245,3808,38,8
1246,3812,38,12
1247,3816,38,16
1248,3820,38,20
1249,3824,38,24
1250,3828,38,28
1251,3832,38,32
1252,3836,38,36
1253,3840,38,40
1254,3844,38,44
1255,3848,38,48
1256,3852,38,52
1257,3856,38,56
1258,3860,38,60
1259,3864,38,64
1260,3868,38,68
1261,3872,38,72
1262,3876,38,76
1263,3880,38,80
1264,3884,38,84
1265,3888,38,88
1266,3892,38,92
1267,3896,38,96
1268,3900,39,0
1269,3904,39,4
1270,3908,39,8
1271,3912,39,12
1272,3916,39,16
1273,3920,39,20
1274,3924,39,24
1275,3928,39,28
1276,3932,39,32
1277,3936,39,36
1278,3940,39,40
1279,3944,39,44
1280,3948,39,48
1281,7540,75,40
1282,7544,75,44
1283,7548,75,48
1284,7552,75,52
1285,7556,75,56
1286,7560,75,60
1287,7564,75,64
1288,7568,75,68
1289,7572,75,72
1290,7576,75,76
1291,7580,75,80
1292,7584,75,84
1293,7588,75,88
1294,7592,75,92
1295,7596,75,96
1296,7600,76,0
1297,7604,76,4
1298,7608,76,8
1299,7612,76,12
1300,7616,76,16
1301,7620,76,20
1302,7624,76,24
1303,7628,76,28
1304,7632,76,32
1305,7636,76,36
1306,7640,76,40
1307,7644,76,44
1308,7648,76,48
1309,7652,76,52
1310,7656,76,56
1311,7660,76,60
1312,7664,76,64
1313,7668,76,68
1314,7672,76,72
1315,7676,76,76
1316,7680,76,80
1317,7684,76,84
1318,7688,76,88
1319,7692,76,92
1320,7696,76,96
1321,7700,77,0
1322,7704,77,4
1323,7708,77,8
1324,7712,77,12
1325,7716,77,16
1326,7720,77,20
1327,7724,77,24
1328,7728,77,28
1329,7732,77,32
1330,7736,77,36
1331,7740,77,40
1332,7744,77,44
1333,7748,77,48
1334,7752,77,52
1335,7756,77,56
1336,7760,77,60
1337,7764,77,64
1338,7768,77,68
1339,7772,77,72
1340,7776,77,76
1341,7780,77,80
1342,7784,77,84
1343,7788,77,88
1344,7792,77,92
1345,7796,77,96
1346,7800,78,0
1347,7804,78,4
1348,7808,78,8
1349,7812,78,12
1350,7816,78,16
1351,7820,78,20
1352,7824,78,24
1353,7828,78,28
1354,7832,78,32
1355,7836,78,36
1356,7840,78,40
1357,7844,78,44
1358,7848,78,48
1359,7852,78,52
1360,7856,78,56
1361,7860,78,60
1362,7864,78,64
1363,7868,78,68
1364,7872,78,72
1365,7876,78,76
1366,7880,78,80
1367,7884,78,84
1368,7888,78,88
1369,7892,78,92
1370,7896,78,96
1371,7900,79,0
1372,7904,79,4
1373,7908,79,8
1374,7912,79,12
1375,7916,79,16
1376,7920,79,20
1377,7924,79,24
1378,7928,79,28
1379,7932,79,32
1380,7936,79,36
1381,7940,79,40
1382,7944,79,44
1383,7948,79,48
1384,7952,79,52
1385,7956,79,56
1386,7960,79,60
1387,7964,79,64
1388,7968,79,68
1389,7972,79,72
1390,7976,79,76
1391,7980,79,80
1392,7984,79,84
1393,7988,79,88
1394,7992,79,92
1395,7996,79,96
1396,8000,80,0
1397,8004,80,4
1398,8008,80,8
1399,8012,80,12
1400,8016,80,16
1401,8020,80,20
1402,8024,80,24
1403,8028,80,28
1404,8032,80,32
1405,8036,80,36
1406,8040,80,40
1407,8044,80,44
1408,8048,80,48
1409,8052,80,52
1410,8056,80,56
1411,8060,80,60
1412,8064,80,64
1413,8068,80,68
1414,8072,80,72
1415,8076,80,76
1416,8080,80,80
1417,8084,80,84
1418,8088,80,88
1419,8092,80,92
1420,8096,80,96
1421,8100,81,0
1422,8104,81,4
1423,8108,81,8
1424,8112,81,12
1425,8116,81,16
1426,8120,81,20
1427,8124,81,24
1428,8128,81,28
1429,8132,81,32
1430,8136,81,36
1431,8140,81,40
1432,8144,81,44
1433,8148,81,48
1434,8152,81,52
1435,8156,81,56
1436,8160,81,60
1437,8164,81,64
1438,8168,81,68
1439,8172,81,72
1440,8176,81,76
1441,8180,81,80
1442,8184,81,84
1443,8188,81,88
1444,8192,81,92
1445,8196,81,96
1446,8200,82,0
1447,8204,82,4
1448,8208,82,8
1449,8212,82,12
1450,8216,82,16
1451,8220,82,20
1452,8224,82,24
1453,8228,82,28
1454,8232,82,32
1455,8236,82,36
1456,8240,82,40
1457,8244,82,44
1458,8248,82,48
1459,8252,82,52
1460,8256,82,56
1461,8260,82,60
1462,8264,82,64
1463,8268,82,68
1464,8272,82,72
1465,8276,82,76
1466,8280,82,80
1467,8284,82,84
1468,8288,82,88
1469,8292,82,92
1470,8296,82,96
1471,8300,83,0
1472,8304,83,4
1473,8308,83,8
1474,8312,83,12
1475,8316,83,16
1476,8320,83,20
1477,8324,83,24
1478,8328,83,28
1479,8332,83,32
1480,8336,83,36
1481,8340,83,40
1482,8344,83,44
1483,8348,83,48
1484,8352,83,52
1485,8356,83,56
1486,8360,83,60
1487,8364,83,64
1488,8368,83,68
1489,8372,83,72
1490,8376,83,76
1491,8380,83,80
1492,8384,83,84
1493,8388,83,88
1494,8392,83,92
1495,8396,83,96
1496,8400,84,0
1497,8404,84,4
1498,8408,84,8
1499,8412,84,12
1500,8416,84,16
1501,8420,84,20
1502,8424,84,24
1503,8428,84,28
1504,8432,84,32
1505,8436,84,36
1506,8440,84,40
1507,8444,84,44
1508,8448,84,48
1509,8452,84,52
1510,8456,84,56
1511,8460,84,60
1512,8464,84,64
1513,8468,84,68
1514,8472,84,72
1515,8476,84,76
1516,8480,84,80
1517,8484,84,84
1518,8488,84,88
1519,8492,84,92
1520,8496,84,96
1521,8500,85,0
1522,8504,85,4
1523,8508,85,8
1524,8512,85,12
1525,8516,85,16
1526,8520,85,20
1527,8524,85,24
1528,8528,85,28
1529,8532,85,32
1530,8536,85,36
1531,8540,85,40
1532,8544,85,44
1533,8548,85,48
1534,8552,85,52
1535,8556,85,56
1536,8560,85,60
1537,8564,85,64
1538,8568,85,68
1539,8572,85,72
1540,8576,85,76
1541,8580,85,80
1542,8584,85,84
1543,8588,85,88
1544,8592,85,92
1545,8596,85,96
1546,8600,86,0
1547,8604,86,4
1548,8608,86,8
1549,8612,86,12
1550,8616,86,16
1551,8620,86,20
1552,8624,86,24
1553,8628,86,28
1554,8632,86,32
1555,8636,86,36
1556,8640,86,40
1557,8644,86,44
1558,8648,86,48
1559,8652,86,52
1560,8656,86,56
1561,8660,86,60
1562,8664,86,64
1563,8668,86,68
1564,8672,86,72
1565,8676,86,76
1566,8680,86,80
1567,8684,86,84
1568,8688,86,88
1569,8692,86,92
1570,8696,86,96
1571,8700,87,0
1572,8704,87,4
1573,8708,87,8
1574,8712,87,12
1575,8716,87,16
1576,8720,87,20
1577,8724,87,24
1578,8728,87,28
1579,8732,87,32
1580,8736,87,36
1581,8740,87,40
1582,8744,87,44
1583,8748,87,48
1584,8752,87,52
1585,8756,87,56
1586,8760,87,60
1587,8764,87,64
1588,8768,87,68
1589,8772,87,72
1590,8776,87,76
1591,8780,87,80
1592,8784,87,84
1593,8788,87,88
1594,8792,87,92
1595,8796,87,96
1596,8800,88,0
1597,8804,88,4
1598,8808,88,8
1599,8812,88,12
1600,8816,88,16
1601,8820,88,20
1602,8824,88,24
1603,8828,88,28
1604,8832,88,32
1605,8836,88,36
1606,8840,88,40
1607,8844,88,44
1608,8848,88,48
1609,8852,88,52
1610,8856,88,56
1611,8860,88,60
1612,8864,88,64
1613,8868,88,68
1614,8872,88,72
1615,8876,88,76
1616,8880,88,80
1617,8884,88,84
1618,8888,88,88
1619,8892,88,92
1620,8896,88,96
1621,8900,89,0
1622,8904,89,4
1623,8908,89,8
1624,8912,89,12
1625,8916,89,16
1626,8920,89,20
1627,8924,89,24
1628,8928,89,28
1629,8932,89,32
1630,8936,89,36
1631,8940,89,40
1632,8944,89,44
1633,8948,89,48
1634,8952,89,52
1635,8956,89,56
1636,8960,89,60
1637,8964,89,64
1638,8968,89,68
1639,8972,89,72
1640,8976,89,76
1641,8980,89,80
1642,8984,89,84
1643,8988,89,88
1644,8992,89,92
1645,8996,89,96
1646,9000,90,0
1647,9004,90,4
1648,9008,90,8
1649,9012,90,12
1650,9016,90,16
1651,9020,90,20
1652,9024,90,24
1653,9028,90,28
1654,9032,90,32
1655,9036,90,36
1656,9040,90,40
1657,9044,90,44
1658,9048,90,48
1659,9052,90,52
1660,9056,90,56
1661,9060,90,60
1662,9064,90,64
1663,9068,90,68
1664,9072,90,72
1665,9076,90,76
1666,9080,90,80
1667,9084,90,84
1668,9088,90,88
1669,9092,90,92
1670,9096,90,96
1671,9100,91,0
1672,9104,91,4
1673,9108,91,8
1674,9112,91,12
1675,9116,91,16
1676,9120,91,20
1677,9124,91,24
1678,9128,91,28
1679,9132,91,32
1680,9136,91,36
1681,9140,91,40
1682,9144,91,44
1683,9148,91,48
1684,9152,91,52
1685,9156,91,56
1686,9160,91,60
1687,9164,91,64
1688,9168,91,68
1689,9172,91,72
1690,9176,91,76
1691,9180,91,80
1692,9184,91,84
1693,9188,91,88
1694,9192,91,92
1695,9196,91,96
1696,9200,92,0
1697,9204,92,4
1698,9208,92,8
1699,9212,92,12
1700,9216,92,16
1701,9220,92,20
1702,9224,92,24
1703,9228,92,28
1704,9232,92,32
1705,9236,92,36
1706,9240,92,40
1707,9244,92,44
1708,9248,92,48
1709,9252,92,52
1710,9256,92,56
1711,9260,92,60
1712,9264,92,64
1713,9268,92,68
1714,9272,92,72
1715,9276,92,76
1716,9280,92,80
1717,9284,92,84
1718,9288,92,88
1719,9292,92,92
1720,9296,92,96
1721,9300,93,0
1722,9304,93,4
1723,9308,93,8
1724,9312,93,12
1725,9316,93,16
1726,9320,93,20
1727,9324,93,24
1728,9328,93,28
1729,9332,93,32
1730,9336,93,36
1731,9340,93,40
1732,9344,93,44
1733,9348,93,48
1734,9352,93,52
1735,9356,93,56
1736,9360,93,60
1737,9364,93,64
1738,9368,93,68
1739,9372,93,72
1740,9376,93,76
1741,9380,93,80
1742,9384,93,84
1743,9388,93,88
1744,9392,93,92
1745,9396,93,96
1746,9400,94,0
1747,9404,94,4
1748,9408,94,8
1749,9412,94,12
1750,9416,94,16
1751,9420,94,20
1752,9424,94,24
1753,9428,94,28
1754,9432,94,32
1755,9436,94,36
1756,9440,94,40
1757,9444,94,44
1758,9448,94,48
1759,9452,94,52
1760,9456,94,56
1761,9460,94,60
1762,9464,94,64
1763,9468,94,68
1764,9472,94,72
1765,9476,94,76
1766,9480,94,80
1767,9484,94,84
1768,9488,94,88
1769,9492,94,92
1770,9496,94,96
1771,9500,95,0
1772,9504,95,4
1773,9508,95,8
1774,9512,95,12
1775,9516,95,16
1776,9520,95,20
1777,9524,95,24
1778,9528,95,28
1779,9532,95,32
1780,9536,95,36
1781,9540,95,40
1782,9544,95,44
1783,9548,95,48
1784,9552,95,52
1785,9556,95,56
1786,9560,95,60
1787,9564,95,64
1788,9568,95,68
1789,9572,95,72
1790,9576,95,76
1791,9580,95,80
1792,9584,95,84
1793,9588,95,88
1794,9592,95,92
1795,9596,95,96
1796,9600,96,0
1797,9604,96,4
1798,9608,96,8
1799,9612,96,12
1800,9616,96,16
1801,9620,96,20
1802,9624,96,24
1803,9628,96,28
1804,9632,96,32
1805,9636,96,36
1806,9640,96,40
1807,9644,96,44
1808,9648,96,48
1809,9652,96,52
1810,9656,96,56
1811,9660,96,60
1812,9664,96,64
1813,9668,96,68
1814,9672,96,72
1815,9676,96,76
1816,9680,96,80
1817,9684,96,84
1818,9688,96,88
1819,9692,96,92
1820,9696,96,96
1821,9700,97,0
1822,9704,97,4
1823,9708,97,8
1824,9712,97,12
1825,9716,97,16
1826,9720,97,20
1827,9724,97,24
1828,9728,97,28
1829,9732,97,32
1830,9736,97,36
1831,9740,97,40
1832,9744,97,44
1833,9748,97,48
1834,9752,97,52
1835,9756,97,56
1836,9760,97,60
1837,9764,97,64
1838,9768,97,68
1839,9772,97,72
1840,9776,97,76
1841,9780,97,80
1842,9784,97,84
1843,9788,97,88
1844,9792,97,92
1845,9796,97,96
1846,9800,98,0
1847,9804,98,4
1848,9808,98,8
1849,9812,98,12
1850,9816,98,16
1851,9820,98,20
1852,9824,98,24
1853,9828,98,28
1854,9832,98,32
1855,9836,98,36
1856,9840,98,40
1857,9844,98,44
1858,9848,98,48
1859,9852,98,52
1860,9856,98,56
1861,9860,98,60
1862,9864,98,64
1863,9868,98,68
1864,9872,98,72
1865,9876,98,76
1866,9880,98,80
1867,9884,98,84
1868,9888,98,88
1869,9892,98,92
1870,9896,98,96
1871,9900,99,0
1872,9904,99,4
1873,9908,99,8
1874,9912,99,12
1875,9916,99,16
1876,9920,99,20
1877,9924,99,24
1878,9928,99,28
1879,9932,99,32
1880,9936,99,36
1881,9940,99,40
1882,9944,99,44
1883,9948,99,48
1884,9952,99,52
1885,9956,99,56
1886,9960,99,60
1887,9964,99,64
1888,9968,99,68
1889,9972,99,72
1890,9976,99,76
1891,9980,99,80
1892,9984,99,84
1893,9988,99,88
1894,9992,99,92
1895,9996,99,96
1896,10000,100,0
1897,10004,100,4
1898,10008,100,8
1899,10012,100,12
1900,10016,100,16
1901,10020,100,20
1902,10024,100,24
1903,10028,100,28
1904,10032,100,32
1905,10036,100,36
1906,10040,100,40
1907,10044,100,44
1908,10048,100,48
1909,10052,100,52
1910,10056,100,56
1911,10060,100,60
1912,10064,100,64
1913,10068,100,68
1914,10072,100,72
1915,10076,100,76
1916,10080,100,80
1917,10084,100,84
1918,10088,100,88
1919,10092,100,92
1920,10096,100,96
1921,10100,101,0
1922,10104,101,4
1923,10108,101,8
1924,10112,101,12
1925,10116,101,16
1926,10120,101,20
1927,10124,101,24
1928,10128,101,28
1929,10132,101,32
1930,10136,101,36
1931,10140,101,40
1932,10144,101,44
1933,10148,101,48
1934,10152,101,52
1935,10156,101,56
1936,10160,101,60
1937,10164,101,64
1938,10168,101,68
1939,10172,101,72
1940,10176,101,76
1941,10180,101,80
1942,10184,101,84
1943,10188,101,88
1944,10192,101,92
1945,10196,101,96
1946,10200,102,0
1947,10204,102,4
1948,10208,102,8
1949,10212,102,12
1950,10216,102,16
1951,10220,102,20
1952,10224,102,24
1953,10228,102,28
1954,10232,102,32
1955,10236,102,36
1956,10240,102,40
1957,10244,102,44
1958,10248,102,48
1959,10252,102,52
1960,10256,102,56
1961,10260,102,60
1962,10264,102,64
1963,10268,102,68
1964,10272,102,72
1965,10276,102,76
1966,10280,102,80
1967,10284,102,84
1968,10288,102,88
1969,10292,102,92
1970,10296,102,96
1971,10300,103,0
1972,10304,103,4
1973,10308,103,8
1974,10312,103,12
1975,10316,103,16
1976,10320,103,20
1977,10324,103,24
1978,10328,103,28
1979,10332,103,32
1980,10336,103,36
1981,10340,103,40
1982,10344,103,44
1983,10348,103,48
1984,10352,103,52
1985,10356,103,56
1986,10360,103,60
1987,10364,103,64
1988,10368,103,68
1989,10372,103,72
1990,10376,103,76
1991,10380,103,80
1992,10384,103,84
1993,10388,103,88
1994,10392,103,92
1995,10396,103,96
1996,10400,104,0
1997,10404,104,4
1998,10408,104,8
1999,10412,104,12
2000,10416,104,16
2001,10420,104,20
2002,10424,104,24
2003,10428,104,28
2004,10432,104,32
2005,10436,104,36
2006,10440,104,40
2007,10444,104,44
2008,10448,104,48
2009,10452,104,52
2010,10456,104,56
2011,10460,104,60
2012,10464,104,64
2013,10468,104,68
2014,10472,104,72
2015,10476,104,76
2016,10480,104,80
2017,10484,104,84
2018,10488,104,88
2019,10492,104,92
2020,10496,104,96
2021,10500,105,0
2022,10504,105,4
2023,10508,105,8
2024,10512,105,12
2025,10516,105,16
2026,10520,105,20
2027,10524,105,24
2028,10528,105,28
2029,10532,105,32
2030,10536,105,36
2031,10540,105,40
2032,10544,105,44
2033,10548,105,48
2034,10552,105,52
2035,10556,105,56
2036,10560,105,60
2037,10564,105,64
2038,10568,105,68
2039,10572,105,72
2040,10576,105,76
2041,10580,105,80
2042,10584,105,84
2043,10588,105,88
2044,10592,105,92
2045,10596,105,96
2046,10600,106,0
2047,10604,106,4
2048,10608,106,8
2049,5490,54,90
2050,5494,54,94
2051,5498,54,98
2052,5502,55,2
2053,5506,55,6
2054,5510,55,10
2055,5514,55,14
2056,5518,55,18
2057,5522,55,22
2058,5526,55,26
2059,5530,55,30
2060,5534,55,34
2061,5538,55,38
2062,5542,55,42
2063,5546,55,46
2064,5550,55,50
2065,5554,55,54
2066,5558,55,58
2067,5562,55,62
2068,5566,55,66
2069,5570,55,70
2070,5574,55,74
2071,5578,55,78
2072,5582,55,82
2073,5586,55,86
2074,5590,55,90
2075,5594,55,94
2076,5598,55,98
2077,5602,56,2
2078,5606,56,6
2079,5610,56,10
2080,5614,56,14
2081,5618,56,18
2082,5622,56,22
2083,5626,56,26
2084,5630,56,30
2085,5634,56,34
2086,5638,56,38
2087,5642,56,42
2088,5646,56,46
2089,5650,56,50
2090,5654,56,54
2091,5658,56,58
2092,5662,56,62
2093,5666,56,66
2094,5670,56,70
2095,5674,56,74
2096,5678,56,78
2097,5682,56,82
2098,5686,56,86
2099,5690,56,90
2100,5694,56,94
2101,5698,56,98
2102,5702,57,2
2103,5706,57,6
2104,5710,57,10
2105,5714,57,14
2106,5718,57,18
2107,5722,57,22
2108,5726,57,26
2109,5730,57,30
2110,5734,57,34
2111,5738,57,38
2112,5742,57,42
2113,5746,57,46
2114,5750,57,50
2115,5754,57,54
2116,5758,57,58
2117,5762,57,62
2118,5766,57,66
2119,5770,57,70
2120,5774,57,74
2121,5778,57,78
2122,5782,57,82
2123,5786,57,86
2124,5790,57,90
2125,5794,57,94
2126,5798,57,98
2127,5802,58,2
2128,5806,58,6
2129,5810,58,10
2130,5814,58,14
2131,5818,58,18
2132,5822,58,22
2133,5826,58,26
2134,5830,58,30
2135,5834,58,34
2136,5838,58,38
2137,5842,58,42
2138,5846,58,46
2139,5850,58,50
2140,5854,58,54
2141,5858,58,58
2142,5862,58,62
2143,5866,58,66
2144,5870,58,70
2145,5874,58,74
2146,5878,58,78
2147,5882,58,82
2148,5886,58,86
2149,5890,58,90
2150,5894,58,94
2151,5898,58,98
2152,5902,59,2
2153,5906,59,6
2154,5910,59,10
2155,5914,59,14
2156,5918,59,18
2157,5922,59,22
2158,5926,59,26
2159,5930,59,30
2160,5934,59,34
2161,5938,59,38
2162,5942,59,42
2163,5946,59,46
2164,5950,59,50
2165,5954,59,54
2166,5958,59,58
2167,5962,59,62
2168,5966,59,66
2169,5970,59,70
2170,5974,59,74
2171,5978,59,78
2172,5982,59,82
2173,5986,59,86
2174,5990,59,90
2175,5994,59,94
2176,5998,59,98
2177,6002,60,2
2178,6006,60,6
2179,6010,60,10
2180,6014,60,14
2181,6018,60,18
2182,6022,60,22
2183,6026,60,26
2184,6030,60,30
2185,6034,60,34
2186,6038,60,38
2187,6042,60,42
2188,6046,60,46
2189,6050,60,50
2190,6054,60,54
2191,6058,60,58
2192,6062,60,62
2193,6066,60,66
2194,6070,60,70
2195,6074,60,74
2196,6078,60,78
2197,6082,60,82
2198,6086,60,86
2199,6090,60,90
2200,6094,60,94
2201,6098,60,98
2202,6102,61,2
2203,6106,61,6
2204,6110,61,10
2205,6114,61,14
2206,6118,61,18
2207,6122,61,22
2208,6126,61,26
2209,6130,61,30
2210,6134,61,34
2211,6138,61,38
2212,6142,61,42
2213,6146,61,46
2214,6150,61,50
2215,6154,61,54
2216,6158,61,58
2217,6162,61,62
2218,6166,61,66
2219,6170,61,70
2220,6174,61,74
2221,6178,61,78
2222,6182,61,82
2223,6186,61,86
2224,6190,61,90
2225,6194,61,94
2226,6198,61,98
2227,6202,62,2
2228,6206,62,6
2229,6210,62,10
2230,6214,62,14
2231,6218,62,18
2232,6222,62,22
2233,6226,62,26
2234,6230,62,30
2235,6234,62,34
2236,6238,62,38
2237,6242,62,42
2238,6246,62,46
2239,6250,62,50
2240,6254,62,54
2241,6258,62,58
2242,6262,62,62
2243,6266,62,66
2244,6270,62,70
2245,6274,62,74
2246,6278,62,78
2247,6282,62,82
2248,6286,62,86
2249,6290,62,90
2250,6294,62,94
2251,6298,62,98
2252,6302,63,2
2253,6306,63,6
2254,6310,63,10
2255,6314,63,14
2256,6318,63,18
2257,6322,63,22
2258,6326,63,26
2259,6330,63,30
2260,6334,63,34
2261,6338,63,38
2262,6342,63,42
2263,6346,63,46
2264,6350,63,50
2265,6354,63,54
2266,6358,63,58
2267,6362,63,62
2268,6366,63,66
2269,6370,63,70
2270,6374,63,74
2271,6378,63,78
2272,6382,63,82
2273,6386,63,86
2274,6390,63,90
2275,6394,63,94
2276,6398,63,98
2277,6402,64,2
2278,6406,64,6
2279,6410,64,10
2280,6414,64,14
2281,6418,64,18
2282,6422,64,22
2283,6426,64,26
2284,6430,64,30
2285,6434,64,34
2286,6438,64,38
2287,6442,64,42
2288,6446,64,46
2289,6450,64,50
2290,6454,64,54
2291,6458,64,58
2292,6462,64,62
2293,6466,64,66
2294,6470,64,70
2295,6474,64,74
2296,6478,64,78
2297,6482,64,82
2298,6486,64,86
2299,6490,64,90
2300,6494,64,94
2301,6498,64,98
2302,6502,65,2
2303,6506,65,6
2304,6510,65,10
2305,6514,65,14
2306,6518,65,18
2307,6522,65,22
2308,6526,65,26
2309,6530,65,30
2310,6534,65,34
2311,6538,65,38
2312,6542,65,42
2313,6546,65,46
2314,6550,65,50
2315,6554,65,54
2316,6558,65,58
2317,6562,65,62
2318,6566,65,66
2319,6570,65,70
2320,6574,65,74
2321,6578,65,78
2322,6582,65,82
2323,6586,65,86
2324,6590,65,90
2325,6594,65,94
2326,6598,65,98
2327,6602,66,2
2328,6606,66,6
2329,6610,66,10
2330,6614,66,14
2331,6618,66,18
2332,6622,66,22
2333,6626,66,26
2334,6630,66,30
2335,6634,66,34
2336,6638,66,38
2337,6642,66,42
2338,6646,66,46
2339,6650,66,50
2340,6654,66,54
2341,6658,66,58
2342,6662,66,62
2343,6666,66,66
2344,6670,66,70
2345,6674,66,74
2346,6678,66,78
2347,6682,66,82
2348,6686,66,86
2349,6690,66,90
2350,6694,66,94
2351,6698,66,98
2352,6702,67,2
2353,6706,67,6
2354,6710,67,10
2355,6714,67,14
2356,6718,67,18
2357,6722,67,22
2358,6726,67,26
2359,6730,67,30
2360,6734,67,34
2361,6738,67,38
2362,6742,67,42
2363,6746,67,46
2364,6750,67,50
2365,6754,67,54
2366,6758,67,58
2367,6762,67,62
2368,6766,67,66
2369,6770,67,70
2370,6774,67,74
2371,6778,67,78
2372,6782,67,82
2373,6786,67,86
2374,6790,67,90
2375,6794,67,94
2376,6798,67,98
2377,6802,68,2
2378,6806,68,6
2379,6810,68,10
2380,6814,68,14
2381,6818,68,18
2382,6822,68,22
2383,6826,68,26
2384,6830,68,30
2385,6834,68,34
2386,6838,68,38
2387,6842,68,42
2388,6846,68,46
2389,6850,68,50
2390,6854,68,54
2391,6858,68,58
2392,6862,68,62
2393,6866,68,66
2394,6870,68,70
2395,6874,68,74
2396,6878,68,78
2397,6882,68,82
2398,6886,68,86
2399,6890,68,90
2400,6894,68,94
2401,6898,68,98
2402,6902,69,2
2403,6906,69,6
2404,6910,69,10
2405,6914,69,14
2406,6918,69,18
2407,6922,69,22
2408,6926,69,26
2409,6930,69,30
2410,6934,69,34
2411,6938,69,38
2412,6942,69,42
2413,6946,69,46
2414,6950,69,50
2415,6954,69,54
2416,6958,69,58
2417,6962,69,62
2418,6966,69,66
2419,6970,69,70
2420,6974,69,74
2421,6978,69,78
2422,6982,69,82
2423,6986,69,86
2424,6990,69,90
2425,6994,69,94
2426,6998,69,98
2427,7002,70,2
2428,7006,70,6
2429,7010,70,10
2430,7014,70,14
2431,7018,70,18
2432,7022,70,22
2433,7026,70,26
2434,7030,70,30
2435,7034,70,34
2436,7038,70,38
2437,7042,70,42
2438,7046,70,46
2439,7050,70,50
2440,7054,70,54
2441,7058,70,58
2442,7062,70,62
2443,7066,70,66
2444,7070,70,70
2445,7074,70,74
2446,7078,70,78
2447,7082,70,82
2448,7086,70,86
2449,7090,70,90
2450,7094,70,94
2451,7098,70,98
2452,7102,71,2
2453,7106,71,6
2454,7110,71,10
2455,7114,71,14
2456,7118,71,18
2457,7122,71,22
2458,7126,71,26
2459,7130,71,30
2460,7134,71,34
2461,7138,71,38
2462,7142,71,42
2463,7146,71,46
2464,7150,71,50
2465,7154,71,54
2466,7158,71,58
2467,7162,71,62
2468,7166,71,66
2469,7170,71,70
2470,7174,71,74
2471,7178,71,78
2472,7182,71,82
2473,7186,71,86
2474,7190,71,90
2475,7194,71,94
2476,7198,71,98
2477,7202,72,2
2478,7206,72,6
2479,7210,72,10
2480,7214,72,14
2481,7218,72,18
2482,7222,72,22
2483,7226,72,26
2484,7230,72,30
2485,7234,72,34
2486,7238,72,38
2487,7242,72,42
2488,7246,72,46
2489,7250,72,50
2490,7254,72,54
2491,7258,72,58
2492,7262,72,62
2493,7266,72,66
2494,7270,72,70
2495,7274,72,74
2496,7278,72,78
2497,7282,72,82
2498,7286,72,86
2499,7290,72,90
2500,7294,72,94
2501,7298,72,98
2502,7302,73,2
2503,7306,73,6
2504,7310,73,10
2505,7314,73,14
2506,7318,73,18
2507,7322,73,22
2508,7326,73,26
2509,7330,73,30
2510,7334,73,34
2511,7338,73,38
2512,7342,73,42
2513,7346,73,46
2514,7350,73,50
2515,7354,73,54
2516,7358,73,58
2517,7362,73,62
2518,7366,73,66
2519,7370,73,70
2520,7374,73,74
2521,7378,73,78
2522,7382,73,82
2523,7386,73,86
2524,7390,73,90
2525,7394,73,94
2526,7398,73,98
2527,7402,74,2
2528,7406,74,6
2529,7410,74,10
2530,7414,74,14
2531,7418,74,18
2532,7422,74,22
2533,7426,74,26
2534,7430,74,30
2535,7434,74,34
2536,7438,74,38
2537,7442,74,42
2538,7446,74,46
2539,7450,74,50
2540,7454,74,54
2541,7458,74,58
2542,7462,74,62
2543,7466,74,66
2544,7470,74,70
2545,7474,74,74
2546,7478,74,78
2547,7482,74,82
2548,7486,74,86
2549,7490,74,90
2550,7494,74,94
2551,7498,74,98
2552,7502,75,2
2553,7506,75,6
2554,7510,75,10
2555,7514,75,14
2556,7518,75,18
2557,7522,75,22
2558,7526,75,26
2559,7530,75,30
2560,7534,75,34
2561,14710,147,10
2562,14714,147,14
2563,14718,147,18
2564,14722,147,22
2565,14726,147,26
2566,14730,147,30
2567,14734,147,34
2568,14738,147,38
2569,14742,147,42
2570,14746,147,46
2571,14750,147,50
2572,14754,147,54
2573,14758,147,58
2574,14762,147,62
2575,14766,147,66
2576,14770,147,70
2577,14774,147,74
2578,14778,147,78
2579,14782,147,82
2580,14786,147,86
2581,14790,147,90
2582,14794,147,94
2583,14798,147,98
2584,14802,148,2
2585,14806,148,6
2586,14810,148,10
2587,14814,148,14
2588,14818,148,18
2589,14822,148,22
2590,14826,148,26
2591,14830,148,30
2592,14834,148,34
2593,14838,148,38
2594,14842,148,42
2595,14846,148,46
2596,14850,148,50
2597,14854,148,54
2598,14858,148,58
2599,14862,148,62
2600,14866,148,66
2601,14870,148,70
2602,14874,148,74
2603,14878,148,78
2604,14882,148,82
2605,14886,148,86
2606,14890,148,90
2607,14894,148,94
2608,14898,148,98
2609,14902,149,2
2610,14906,149,6
2611,14910,149,10
2612,14914,149,14
2613,14918,149,18
2614,14922,149,22
2615,14926,149,26
2616,14930,149,30
2617,14934,149,34
2618,14938,149,38
2619,14942,149,42
2620,14946,149,46
2621,14950,149,50
2622,14954,149,54
2623,14958,149,58
2624,14962,149,62
2625,14966,149,66
2626,14970,149,70
2627,14974,149,74
2628,14978,149,78
2629,14982,149,82
2630,14986,149,86
2631,14990,149,90
2632,14994,149,94
2633,14998,149,98
2634,15002,150,2
2635,15006,150,6
2636,15010,150,10
2637,15014,150,14
2638,15018,150,18
2639,15022,150,22
2640,15026,150,26
2641,15030,150,30
2642,15034,150,34
2643,15038,150,38
2644,15042,150,42
2645,15046,150,46
2646,15050,150,50
2647,15054,150,54
2648,15058,150,58
2649,15062,150,62
2650,15066,150,66
2651,15070,150,70
2652,15074,150,74
2653,15078,150,78
2654,15082,150,82
2655,15086,150,86
2656,15090,150,90
2657,15094,150,94
2658,15098,150,98
2659,15102,151,2
2660,15106,151,6
2661,15110,151,10
2662,15114,151,14
2663,15118,151,18
2664,15122,151,22
2665,15126,151,26
2666,15130,151,30
2667,15134,151,34
2668,15138,151,38
2669,15142,151,42
2670,15146,151,46
2671,15150,151,50
2672,15154,151,54
2673,15158,151,58
2674,15162,151,62
2675,15166,151,66
2676,15170,151,70
2677,15174,151,74
2678,15178,151,78
2679,15182,151,82
2680,15186,151,86
2681,15190,151,90
2682,15194,151,94
2683,15198,151,98
2684,15202,152,2
2685,15206,152,6
2686,15210,152,10
2687,15214,152,14
2688,15218,152,18
2689,15222,152,22
2690,15226,152,26
2691,15230,152,30
2692,15234,152,34
2693,15238,152,38
2694,15242,152,42
2695,15246,152,46
2696,15250,152,50
2697,15254,152,54
2698,15258,152,58
2699,15262,152,62
2700,15266,152,66
2701,15270,152,70
2702,15274,152,74
2703,15278,152,78
2704,15282,152,82
2705,15286,152,86
2706,15290,152,90
2707,15294,152,94
2708,15298,152,98
2709,15302,153,2
2710,15306,153,6
2711,15310,153,10
2712,15314,153,14
2713,15318,153,18
2714,15322,153,22
2715,15326,153,26
2716,15330,153,30
2717,15334,153,34
2718,15338,153,38
2719,15342,153,42
2720,15346,153,46
2721,15350,153,50
2722,15354,153,54
2723,15358,153,58
2724,15362,153,62
2725,15366,153,66
2726,15370,153,70
2727,15374,153,74
2728,15378,153,78
2729,15382,153,82
2730,15386,153,86
2731,15390,153,90
2732,15394,153,94
2733,15398,153,98
2734,15402,154,2
2735,15406,154,6
2736,15410,154,10
2737,15414,154,14
2738,15418,154,18
2739,15422,154,22
2740,15426,154,26
2741,15430,154,30
2742,15434,154,34
2743,15438,154,38
2744,15442,154,42
2745,15446,154,46
2746,15450,154,50
2747,15454,154,54
2748,15458,154,58
2749,15462,154,62
2750,15466,154,66
2751,15470,154,70
2752,15474,154,74
2753,15478,154,78
2754,15482,154,82
2755,15486,154,86
2756,15490,154,90
2757,15494,154,94
2758,15498,154,98
2759,15502,155,2
2760,15506,155,6
2761,15510,155,10
2762,15514,155,14
2763,15518,155,18
2764,15522,155,22
2765,15526,155,26
2766,15530,155,30
2767,15534,155,34
2768,15538,155,38
2769,15542,155,42
2770,15546,155,46
2771,15550,155,50
2772,15554,155,54
2773,15558,155,58
2774,15562,155,62
2775,15566,155,66
2776,15570,155,70
2777,15574,155,74
2778,15578,155,78
2779,15582,155,82
2780,15586,155,86
2781,15590,155,90
2782,15594,155,94
2783,15598,155,98
2784,15602,156,2
2785,15606,156,6
2786,15610,156,10
2787,15614,156,14
2788,15618,156,18
2789,15622,156,22
2790,15626,156,26
2791,15630,156,30
2792,15634,156,34
2793,15638,156,38
2794,15642,156,42
2795,15646,156,46
2796,15650,156,50
2797,15654,156,54
2798,15658,156,58
2799,15662,156,62
2800,15666,156,66
2801,15670,156,70
2802,15674,156,74
2803,15678,156,78
2804,15682,156,82
2805,15686,156,86
2806,15690,156,90
2807,15694,156,94
2808,15698,156,98
2809,15702,157,2
2810,15706,157,6
2811,15710,157,10
2812,15714,157,14
2813,15718,157,18
2814,15722,157,22
2815,15726,157,26
2816,15730,157,30
2817,15734,157,34
2818,15738,157,38
2819,15742,157,42
2820,15746,157,46
2821,15750,157,50
2822,15754,157,54
2823,15758,157,58
2824,15762,157,62
2825,15766,157,66
2826,15770,157,70
2827,15774,157,74
2828,15778,157,78
2829,15782,157,82
2830,15786,157,86
2831,15790,157,90
2832,15794,157,94
2833,15798,157,98
2834,15802,158,2
2835,15806,158,6
2836,15810,158,10
2837,15814,158,14
2838,15818,158,18
2839,15822,158,22
2840,15826,158,26
2841,15830,158,30
2842,15834,158,34
2843,15838,158,38
2844,15842,158,42
2845,15846,158,46
2846,15850,158,50
2847,15854,158,54
2848,15858,158,58
2849,15862,158,62
2850,15866,158,66
2851,15870,158,70
2852,15874,158,74
2853,15878,158,78
2854,15882,158,82
2855,15886,158,86
2856,15890,158,90
2857,15894,158,94
2858,15898,158,98
2859,15902,159,2
2860,15906,159,6
2861,15910,159,10
2862,15914,159,14
2863,15918,159,18
2864,15922,159,22
2865,15926,159,26
2866,15930,159,30
2867,15934,159,34
2868,15938,159,38
2869,15942,159,42
2870,15946,159,46
2871,15950,159,50
2872,15954,159,54
2873,15958,159,58
2874,15962,159,62
2875,15966,159,66
2876,15970,159,70
2877,15974,159,74
2878,15978,159,78
2879,15982,159,82
2880,15986,159,86
2881,15990,159,90
2882,15994,159,94
2883,15998,159,98
2884,16002,160,2
2885,16006,160,6
2886,16010,160,10
2887,16014,160,14
2888,16018,160,18
2889,16022,160,22
2890,16026,160,26
2891,16030,160,30
2892,16034,160,34
2893,16038,160,38
2894,16042,160,42
2895,16046,160,46
2896,16050,160,50
2897,16054,160,54
2898,16058,160,58
2899,16062,160,62
2900,16066,160,66
2901,16070,160,70
2902,16074,160,74
2903,16078,160,78
2904,16082,160,82
2905,16086,160,86
2906,16090,160,90
2907,16094,160,94
2908,16098,160,98
2909,16102,161,2
2910,16106,161,6
2911,16110,161,10
2912,16114,161,14
2913,16118,161,18
2914,16122,161,22
2915,16126,161,26
2916,16130,161,30
2917,16134,161,34
2918,16138,161,38
2919,16142,161,42
2920,16146,161,46
2921,16150,161,50
2922,16154,161,54
2923,16158,161,58
2924,16162,161,62
2925,16166,161,66
2926,16170,161,70
2927,16174,161,74
2928,16178,161,78
2929,16182,161,82
2930,16186,161,86
2931,16190,161,90
2932,16194,161,94
2933,16198,161,98
2934,16202,162,2
2935,16206,162,6
2936,16210,162,10
2937,16214,162,14
2938,16218,162,18
2939,16222,162,22
2940,16226,162,26
2941,16230,162,30
2942,16234,162,34
2943,16238,162,38
2944,16242,162,42
2945,16246,162,46
2946,16250,162,50
2947,16254,162,54
2948,16258,162,58
2949,16262,162,62
2950,16266,162,66
2951,16270,162,70
2952,16274,162,74
2953,16278,162,78
2954,16282,162,82
2955,16286,162,86
2956,16290,162,90
2957,16294,162,94
2958,16298,162,98
2959,16302,163,2
2960,16306,163,6
2961,16310,163,10
2962,16314,163,14
2963,16318,163,18
2964,16322,163,22
2965,16326,163,26
2966,16330,163,30
2967,16334,163,34
2968,16338,163,38
2969,16342,163,42
2970,16346,163,46
2971,16350,163,50
2972,16354,163,54
2973,16358,163,58
2974,16362,163,62
2975,16366,163,66
2976,16370,163,70
2977,16374,163,74
2978,16378,163,78
2979,16382,163,82
2980,16386,163,86
2981,16390,163,90
2982,16394,163,94
2983,16398,163,98
2984,16402,164,2
2985,16406,164,6
2986,16410,164,10
2987,16414,164,14
2988,16418,164,18
2989,16422,164,22
2990,16426,164,26
2991,16430,164,30
2992,16434,164,34
2993,16438,164,38
2994,16442,164,42
2995,16446,164,46
2996,16450,164,50
2997,16454,164,54
2998,16458,164,58
2999,16462,164,62
3000,16466,164,66
3001,16470,164,70
3002,16474,164,74
3003,16478,164,78
3004,16482,164,82
3005,16486,164,86
3006,16490,164,90
3007,16494,164,94
3008,16498,164,98
3009,16502,165,2
3010,16506,165,6
3011,16510,165,10
3012,16514,165,14
3013,16518,165,18
3014,16522,165,22
3015,16526,165,26
3016,16530,165,30
3017,16534,165,34
3018,16538,165,38
3019,16542,165,42
3020,16546,165,46
3021,16550,165,50
3022,16554,165,54
3023,16558,165,58
3024,16562,165,62
3025,16566,165,66
3026,16570,165,70
3027,16574,165,74
3028,16578,165,78
3029,16582,165,82
3030,16586,165,86
3031,16590,165,90
3032,16594,165,94
3033,16598,165,98
3034,16602,166,2
3035,16606,166,6
3036,16610,166,10
3037,16614,166,14
3038,16618,166,18
3039,16622,166,22
3040,16626,166,26
3041,16630,166,30
3042,16634,166,34
3043,16638,166,38
3044,16642,166,42
3045,16646,166,46
3046,16650,166,50
3047,16654,166,54
3048,16658,166,58
3049,16662,166,62
3050,16666,166,66
3051,16670,166,70
3052,16674,166,74
3053,16678,166,78
3054,16682,166,82
3055,16686,166,86
3056,16690,166,90
3057,16694,166,94
3058,16698,166,98
3059,16702,167,2
3060,16706,167,6
3061,16710,167,10
3062,16714,167,14
3063,16718,167,18
3064,16722,167,22
3065,16726,167,26
3066,16730,167,30
3067,16734,167,34
3068,16738,167,38
3069,16742,167,42
3070,16746,167,46
3071,16750,167,50
3072,16754,167,54
3073,16758,167,58
3074,16762,167,62
3075,16766,167,66
3076,16770,167,70
3077,16774,167,74
3078,16778,167,78
3079,16782,167,82
3080,16786,167,86
3081,16790,167,90
3082,16794,167,94
3083,16798,167,98
3084,16802,168,2
3085,16806,168,6
3086,16810,168,10
3087,16814,168,14
3088,16818,168,18
3089,16822,168,22
3090,16826,168,26
3091,16830,168,30
3092,16834,168,34
3093,16838,168,38
3094,16842,168,42
3095,16846,168,46
3096,16850,168,50
3097,16854,168,54
3098,16858,168,58
3099,16862,168,62
3100,16866,168,66
3101,16870,168,70
3102,16874,168,74
3103,16878,168,78
3104,16882,168,82
3105,16886,168,86
3106,16890,168,90
3107,16894,168,94
3108,16898,168,98
3109,16902,169,2
3110,16906,169,6
3111,16910,169,10
3112,16914,169,14
3113,16918,169,18
3114,16922,169,22
3115,16926,169,26
3116,16930,169,30
3117,16934,169,34
3118,16938,169,38
3119,16942,169,42
3120,16946,169,46
3121,16950,169,50
3122,16954,169,54
3123,16958,169,58
3124,16962,169,62
3125,16966,169,66
3126,16970,169,70
3127,16974,169,74
3128,16978,169,78
3129,16982,169,82
3130,16986,169,86
3131,16990,169,90
3132,16994,169,94
3133,16998,169,98
3134,17002,170,2
3135,17006,170,6
3136,17010,170,10
3137,17014,170,14
3138,17018,170,18
3139,17022,170,22
3140,17026,170,26
3141,17030,170,30
3142,17034,170,34
3143,17038,170,38
3144,17042,170,42
3145,17046,170,46
3146,17050,170,50
3147,17054,170,54
3148,17058,170,58
3149,17062,170,62
3150,17066,170,66
3151,17070,170,70
3152,17074,170,74
3153,17078,170,78
3154,17082,170,82
3155,17086,170,86
3156,17090,170,90
3157,17094,170,94
3158,17098,170,98
3159,17102,171,2
3160,17106,171,6
3161,17110,171,10
3162,17114,171,14
3163,17118,171,18
3164,17122,171,22
3165,17126,171,26
3166,17130,171,30
3167,17134,171,34
3168,17138,171,38
3169,17142,171,42
3170,17146,171,46
3171,17150,171,50
3172,17154,171,54
3173,17158,171,58
3174,17162,171,62
3175,17166,171,66
3176,17170,171,70
3177,17174,171,74
3178,17178,171,78
3179,17182,171,82
3180,17186,171,86
3181,17190,171,90
3182,17194,171,94
3183,17198,171,98
3184,17202,172,2
3185,17206,172,6
3186,17210,172,10
3187,17214,172,14
3188,17218,172,18
3189,17222,172,22
3190,17226,172,26
3191,17230,172,30
3192,17234,172,34
3193,17238,172,38
3194,17242,172,42
3195,17246,172,46
3196,17250,172,50
3197,17254,172,54
3198,17258,172,58
3199,17262,172,62
3200,17266,172,66
3201,17270,172,70
3202,17274,172,74
3203,17278,172,78
3204,17282,172,82
3205,17286,172,86
3206,17290,172,90
3207,17294,172,94
3208,17298,172,98
3209,17302,173,2
3210,17306,173,6
3211,17310,173,10
3212,17314,173,14
3213,17318,173,18
3214,17322,173,22
3215,17326,173,26
3216,17330,173,30
3217,17334,173,34
3218,17338,173,38
3219,17342,173,42
3220,17346,173,46
3221,17350,173,50
3222,17354,173,54
3223,17358,173,58
3224,17362,173,62
3225,17366,173,66
3226,17370,173,70
3227,17374,173,74
3228,17378,173,78
3229,17382,173,82
3230,17386,173,86
3231,17390,173,90
3232,17394,173,94
3233,17398,173,98
3234,17402,174,2
3235,17406,174,6
3236,17410,174,10
3237,17414,174,14
3238,17418,174,18
3239,17422,174,22
3240,17426,174,26
3241,17430,174,30
3242,17434,174,34
3243,17438,174,38
3244,17442,174,42
3245,17446,174,46
3246,17450,174,50
3247,17454,174,54
3248,17458,174,58
3249,17462,174,62
3250,17466,174,66
3251,17470,174,70
3252,17474,174,74
3253,17478,174,78
3254,17482,174,82
3255,17486,174,86
3256,17490,174,90
3257,17494,174,94
3258,17498,174,98
3259,17502,175,2
3260,17506,175,6
3261,17510,175,10
3262,17514,175,14
3263,17518,175,18
3264,17522,175,22
3265,17526,175,26
3266,17530,175,30
3267,17534,175,34
3268,17538,175,38
3269,17542,175,42
3270,17546,175,46
3271,17550,175,50
3272,17554,175,54
3273,17558,175,58
3274,17562,175,62
3275,17566,175,66
3276,17570,175,70
3277,17574,175,74
3278,17578,175,78
3279,17582,175,82
3280,17586,175,86
3281,17590,175,90
3282,17594,175,94
3283,17598,175,98
3284,17602,176,2
3285,17606,176,6
3286,17610,176,10
3287,17614,176,14
3288,17618,176,18
3289,17622,176,22
3290,17626,176,26
3291,17630,176,30
3292,17634,176,34
3293,17638,176,38
3294,17642,176,42
3295,17646,176,46
3296,17650,176,50
3297,17654,176,54
3298,17658,176,58
3299,17662,176,62
3300,17666,176,66
3301,17670,176,70
3302,17674,176,74
3303,17678,176,78
3304,17682,176,82
3305,17686,176,86
3306,17690,176,90
3307,17694,176,94
3308,17698,176,98
3309,17702,177,2
3310,17706,177,6
3311,17710,177,10
3312,17714,177,14
3313,17718,177,18
3314,17722,177,22
3315,17726,177,26
3316,17730,177,30
3317,17734,177,34
3318,17738,177,38
3319,17742,177,42
3320,17746,177,46
3321,17750,177,50
3322,17754,177,54
3323,17758,177,58
3324,17762,177,62
3325,17766,177,66
3326,17770,177,70
3327,17774,177,74
3328,17778,177,78
3329,17782,177,82
3330,17786,177,86
3331,17790,177,90
3332,17794,177,94
3333,17798,177,98
3334,17802,178,2
3335,17806,178,6
3336,17810,178,10
3337,17814,178,14
3338,17818,178,18
3339,17822,178,22
3340,17826,178,26
3341,17830,178,30
3342,17834,178,34
3343,17838,178,38
3344,17842,178,42
3345,17846,178,46
3346,17850,178,50
3347,17854,178,54
3348,17858,178,58
3349,17862,178,62
3350,17866,178,66
3351,17870,178,70
3352,17874,178,74
3353,17878,178,78
3354,17882,178,82
3355,17886,178,86
3356,17890,178,90
3357,17894,178,94
3358,17898,178,98
3359,17902,179,2
3360,17906,179,6
3361,17910,179,10
3362,17914,179,14
3363,17918,179,18
3364,17922,179,22
3365,17926,179,26
3366,17930,179,30
3367,17934,179,34
3368,17938,179,38
3369,17942,179,42
3370,17946,179,46
3371,17950,179,50
3372,17954,179,54
3373,17958,179,58
3374,17962,179,62
3375,17966,179,66
3376,17970,179,70
3377,17974,179,74
3378,17978,179,78
3379,17982,179,82
3380,17986,179,86
3381,17990,179,90
3382,17994,179,94
3383,17998,179,98
3384,18002,180,2
3385,18006,180,6
3386,18010,180,10
3387,18014,180,14
3388,18018,180,18
3389,18022,180,22
3390,18026,180,26
3391,18030,180,30
3392,18034,180,34
3393,18038,180,38
3394,18042,180,42
3395,18046,180,46
3396,18050,180,50
3397,18054,180,54
3398,18058,180,58
3399,18062,180,62
3400,18066,180,66
3401,18070,180,70
3402,18074,180,74
3403,18078,180,78
3404,18082,180,82
3405,18086,180,86
3406,18090,180,90
3407,18094,180,94
3408,18098,180,98
3409,18102,181,2
3410,18106,181,6
3411,18110,181,10
3412,18114,181,14
3413,18118,181,18
3414,18122,181,22
3415,18126,181,26
3416,18130,181,30
3417,18134,181,34
3418,18138,181,38
3419,18142,181,42
3420,18146,181,46
3421,18150,181,50
3422,18154,181,54
3423,18158,181,58
3424,18162,181,62
3425,18166,181,66
3426,18170,181,70
3427,18174,181,74
3428,18178,181,78
3429,18182,181,82
3430,18186,181,86
3431,18190,181,90
3432,18194,181,94
3433,18198,181,98
3434,18202,182,2
3435,18206,182,6
3436,18210,182,10
3437,18214,182,14
3438,18218,182,18
3439,18222,182,22
3440,18226,182,26
3441,18230,182,30
3442,18234,182,34
3443,18238,182,38
3444,18242,182,42
3445,18246,182,46
3446,18250,182,50
3447,18254,182,54
3448,18258,182,58
3449,18262,182,62
3450,18266,182,66
3451,18270,182,70
3452,18274,182,74
3453,18278,182,78
3454,18282,182,82
3455,18286,182,86
3456,18290,182,90
3457,18294,182,94
3458,18298,182,98
3459,18302,183,2
3460,18306,183,6
3461,18310,183,10
3462,18314,183,14
3463,18318,183,18
3464,18322,183,22
3465,18326,183,26
3466,18330,183,30
3467,18334,183,34
3468,18338,183,38
3469,18342,183,42
3470,18346,183,46
3471,18350,183,50
3472,18354,183,54
3473,18358,183,58
3474,18362,183,62
3475,18366,183,66
3476,18370,183,70
3477,18374,183,74
3478,18378,183,78
3479,18382,183,82
3480,18386,183,86
3481,18390,183,90
3482,18394,183,94
3483,18398,183,98
3484,18402,184,2
3485,18406,184,6
3486,18410,184,10
3487,18414,184,14
3488,18418,184,18
3489,18422,184,22
3490,18426,184,26
3491,18430,184,30
3492,18434,184,34
3493,18438,184,38
3494,18442,184,42
3495,18446,184,46
3496,18450,184,50
3497,18454,184,54
3498,18458,184,58
3499,18462,184,62
3500,18466,184,66
3501,18470,184,70
3502,18474,184,74
3503,18478,184,78
3504,18482,184,82
3505,18486,184,86
3506,18490,184,90
3507,18494,184,94
3508,18498,184,98
3509,18502,185,2
3510,18506,185,6
3511,18510,185,10
3512,18514,185,14
3513,18518,185,18
3514,18522,185,22
3515,18526,185,26
3516,18530,185,30
3517,18534,185,34
3518,18538,185,38
3519,18542,185,42
3520,18546,185,46
3521,18550,185,50
3522,18554,185,54
3523,18558,185,58
3524,18562,185,62
3525,18566,185,66
3526,18570,185,70
3527,18574,185,74
3528,18578,185,78
3529,18582,185,82
3530,18586,185,86
3531,18590,185,90
3532,18594,185,94
3533,18598,185,98
3534,18602,186,2
3535,18606,186,6
3536,18610,186,10
3537,18614,186,14
3538,18618,186,18
3539,18622,186,22
3540,18626,186,26
3541,18630,186,30
3542,18634,186,34
3543,18638,186,38
3544,18642,186,42
3545,18646,186,46
3546,18650,186,50
3547,18654,186,54
3548,18658,186,58
3549,18662,186,62
3550,18666,186,66
3551,18670,186,70
3552,18674,186,74
3553,18678,186,78
3554,18682,186,82
3555,18686,186,86
3556,18690,186,90
3557,18694,186,94
3558,18698,186,98
3559,18702,187,2
3560,18706,187,6
3561,18710,187,10
3562,18714,187,14
3563,18718,187,18
3564,18722,187,22
3565,18726,187,26
3566,18730,187,30
3567,18734,187,34
3568,18738,187,38
3569,18742,187,42
3570,18746,187,46
3571,18750,187,50
3572,18754,187,54
3573,18758,187,58
3574,18762,187,62
3575,18766,187,66
3576,18770,187,70
3577,18774,187,74
3578,18778,187,78
3579,18782,187,82
3580,18786,187,86
3581,18790,187,90
3582,18794,187,94
3583,18798,187,98
3584,18802,188,2
3585,18806,188,6
3586,18810,188,10
3587,18814,188,14
3588,18818,188,18
3589,18822,188,22
3590,18826,188,26
3591,18830,188,30
3592,18834,188,34
3593,18838,188,38
3594,18842,188,42
3595,18846,188,46
3596,18850,188,50
3597,18854,188,54
3598,18858,188,58
3599,18862,188,62
3600,18866,188,66
3601,18870,188,70
3602,18874,188,74
3603,18878,188,78
3604,18882,188,82
3605,18886,188,86
3606,18890,188,90
3607,18894,188,94
3608,18898,188,98
3609,18902,189,2
3610,18906,189,6
3611,18910,189,10
3612,18914,189,14
3613,18918,189,18
3614,18922,189,22
3615,18926,189,26
3616,18930,189,30
3617,18934,189,34
3618,18938,189,38
3619,18942,189,42
3620,18946,189,46
3621,18950,189,50
3622,18954,189,54
3623,18958,189,58
3624,18962,189,62
3625,18966,189,66
3626,18970,189,70
3627,18974,189,74
3628,18978,189,78
3629,18982,189,82
3630,18986,189,86
3631,18990,189,90
3632,18994,189,94
3633,18998,189,98
3634,19002,190,2
3635,19006,190,6
3636,19010,190,10
3637,19014,190,14
3638,19018,190,18
3639,19022,190,22
3640,19026,190,26
3641,19030,190,30
3642,19034,190,34
3643,19038,190,38
3644,19042,190,42
3645,19046,190,46
3646,19050,190,50
3647,19054,190,54
3648,19058,190,58
3649,19062,190,62
3650,19066,190,66
3651,19070,190,70
3652,19074,190,74
3653,19078,190,78
3654,19082,190,82
3655,19086,190,86
3656,19090,190,90
3657,19094,190,94
3658,19098,190,98
3659,19102,191,2
3660,19106,191,6
3661,19110,191,10
3662,19114,191,14
3663,19118,191,18
3664,19122,191,22
3665,19126,191,26
3666,19130,191,30
3667,19134,191,34
3668,19138,191,38
3669,19142,191,42
3670,19146,191,46
3671,19150,191,50
3672,19154,191,54
3673,19158,191,58
3674,19162,191,62
3675,19166,191,66
3676,19170,191,70
3677,19174,191,74
3678,19178,191,78
3679,19182,191,82
3680,19186,191,86
3681,19190,191,90
3682,19194,191,94
3683,19198,191,98
3684,19202,192,2
3685,19206,192,6
3686,19210,192,10
3687,19214,192,14
3688,19218,192,18
3689,19222,192,22
3690,19226,192,26
3691,19230,192,30
3692,19234,192,34
3693,19238,192,38
3694,19242,192,42
3695,19246,192,46
3696,19250,192,50
3697,19254,192,54
3698,19258,192,58
3699,19262,192,62
3700,19266,192,66
3701,19270,192,70
3702,19274,192,74
3703,19278,192,78
3704,19282,192,82
3705,19286,192,86
3706,19290,192,90
3707,19294,192,94
3708,19298,192,98
3709,19302,193,2
3710,19306,193,6
3711,19310,193,10
3712,19314,193,14
3713,19318,193,18
3714,19322,193,22
3715,19326,193,26
3716,19330,193,30
3717,19334,193,34
3718,19338,193,38
3719,19342,193,42
3720,19346,193,46
3721,19350,193,50
3722,19354,193,54
3723,19358,193,58
3724,19362,193,62
3725,19366,193,66
3726,19370,193,70
3727,19374,193,74
3728,19378,193,78
3729,19382,193,82
3730,19386,193,86
3731,19390,193,90
3732,19394,193,94
3733,19398,193,98
3734,19402,194,2
3735,19406,194,6
3736,19410,194,10
3737,19414,194,14
3738,19418,194,18
3739,19422,194,22
3740,19426,194,26
3741,19430,194,30
3742,19434,194,34
3743,19438,194,38
3744,19442,194,42
3745,19446,194,46
3746,19450,194,50
3747,19454,194,54
3748,19458,194,58
3749,19462,194,62
3750,19466,194,66
3751,19470,194,70
3752,19474,194,74
3753,19478,194,78
3754,19482,194,82
3755,19486,194,86
3756,19490,194,90
3757,19494,194,94
3758,19498,194,98
3759,19502,195,2
3760,19506,195,6
3761,19510,195,10
3762,19514,195,14
3763,19518,195,18
3764,19522,195,22
3765,19526,195,26
3766,19530,195,30
3767,19534,195,34
3768,19538,195,38
3769,19542,195,42
3770,19546,195,46
3771,19550,195,50
3772,19554,195,54
3773,19558,195,58
3774,19562,195,62
3775,19566,195,66
3776,19570,195,70
3777,19574,195,74
3778,19578,195,78
3779,19582,195,82
3780,19586,195,86
3781,19590,195,90
3782,19594,195,94
3783,19598,195,98
3784,19602,196,2
3785,19606,196,6
3786,19610,196,10
3787,19614,196,14
3788,19618,196,18
3789,19622,196,22
3790,19626,196,26
3791,19630,196,30
3792,19634,196,34
3793,19638,196,38
3794,19642,196,42
3795,19646,196,46
3796,19650,196,50
3797,19654,196,54
3798,19658,196,58
3799,19662,196,62
3800,19666,196,66
3801,19670,196,70
3802,19674,196,74
3803,19678,196,78
3804,19682,196,82
3805,19686,196,86
3806,19690,196,90
3807,19694,196,94
3808,19698,196,98
3809,19702,197,2
3810,19706,197,6
3811,19710,197,10
3812,19714,197,14
3813,19718,197,18
3814,19722,197,22
3815,19726,197,26
3816,19730,197,30
3817,19734,197,34
3818,19738,197,38
3819,19742,197,42
3820,19746,197,46
3821,19750,197,50
3822,19754,197,54
3823,19758,197,58
3824,19762,197,62
3825,19766,197,66
3826,19770,197,70
3827,19774,197,74
3828,19778,197,78
3829,19782,197,82
3830,19786,197,86
3831,19790,197,90
3832,19794,197,94
3833,19798,197,98
3834,19802,198,2
3835,19806,198,6
3836,19810,198,10
3837,19814,198,14
3838,19818,198,18
3839,19822,198,22
3840,19826,198,26
3841,19830,198,30
3842,19834,198,34
3843,19838,198,38
3844,19842,198,42
3845,19846,198,46
3846,19850,198,50
3847,19854,198,54
3848,19858,198,58
3849,19862,198,62
3850,19866,198,66
3851,19870,198,70
3852,19874,198,74
3853,19878,198,78
3854,19882,198,82
3855,19886,198,86
3856,19890,198,90
3857,19894,198,94
3858,19898,198,98
3859,19902,199,2
3860,19906,199,6
3861,19910,199,10
3862,19914,199,14
3863,19918,199,18
3864,19922,199,22
3865,19926,199,26
3866,19930,199,30
3867,19934,199,34
3868,19938,199,38
3869,19942,199,42
3870,19946,199,46
3871,19950,199,50
3872,19954,199,54
3873,19958,199,58
3874,19962,199,62
3875,19966,199,66
3876,19970,199,70
3877,19974,199,74
3878,19978,199,78
3879,19982,199,82
3880,19986,199,86
3881,19990,199,90
3882,19994,199,94
3883,19998,199,98
3884,20002,200,2
3885,20006,200,6
3886,20010,200,10
3887,20014,200,14
3888,20018,200,18
3889,20022,200,22
3890,20026,200,26
3891,20030,200,30
3892,20034,200,34
3893,20038,200,38
3894,20042,200,42
3895,20046,200,46
3896,20050,200,50
3897,20054,200,54
3898,20058,200,58
3899,20062,200,62
3900,20066,200,66
3901,20070,200,70
3902,20074,200,74
3903,20078,200,78
3904,20082,200,82
3905,20086,200,86
3906,20090,200,90
3907,20094,200,94
3908,20098,200,98
3909,20102,201,2
3910,20106,201,6
3911,20110,201,10
3912,20114,201,14
3913,20118,201,18
3914,20122,201,22
3915,20126,201,26
3916,20130,201,30
3917,20134,201,34
3918,20138,201,38
3919,20142,201,42
3920,20146,201,46
3921,20150,201,50
3922,20154,201,54
3923,20158,201,58
3924,20162,201,62
3925,20166,201,66
3926,20170,201,70
3927,20174,201,74
3928,20178,201,78
3929,20182,201,82
3930,20186,201,86
3931,20190,201,90
3932,20194,201,94
3933,20198,201,98
3934,20202,202,2
3935,20206,202,6
3936,20210,202,10
3937,20214,202,14
3938,20218,202,18
3939,20222,202,22
3940,20226,202,26
3941,20230,202,30
3942,20234,202,34
3943,20238,202,38
3944,20242,202,42
3945,20246,202,46
3946,20250,202,50
3947,20254,202,54
3948,20258,202,58
3949,20262,202,62
3950,20266,202,66
3951,20270,202,70
3952,20274,202,74
3953,20278,202,78
3954,20282,202,82
3955,20286,202,86
3956,20290,202,90
3957,20294,202,94
3958,20298,202,98
3959,20302,203,2
3960,20306,203,6
3961,20310,203,10
3962,20314,203,14
3963,20318,203,18
3964,20322,203,22
3965,20326,203,26
3966,20330,203,30
3967,20334,203,34
3968,20338,203,38
3969,20342,203,42
3970,20346,203,46
3971,20350,203,50
3972,20354,203,54
3973,20358,203,58
3974,20362,203,62
3975,20366,203,66
3976,20370,203,70
3977,20374,203,74
3978,20378,203,78
3979,20382,203,82
3980,20386,203,86
3981,20390,203,90
3982,20394,203,94
3983,20398,203,98
3984,20402,204,2
3985,20406,204,6
3986,20410,204,10
3987,20414,204,14
3988,20418,204,18
3989,20422,204,22
3990,20426,204,26
3991,20430,204,30
3992,20434,204,34
3993,20438,204,38
3994,20442,204,42
3995,20446,204,46
3996,20450,204,50
3997,20454,204,54
3998,20458,204,58
3999,20462,204,62
4000,20466,204,66
4001,20470,204,70
4002,20474,204,74
4003,20478,204,78
4004,20482,204,82
4005,20486,204,86
4006,20490,204,90
4007,20494,204,94
4008,20498,204,98
4009,20502,205,2
4010,20506,205,6
4011,20510,205,10
4012,20514,205,14
4013,20518,205,18
4014,20522,205,22
4015,20526,205,26
4016,20530,205,30
4017,20534,205,34
4018,20538,205,38
4019,20542,205,42
4020,20546,205,46
4021,20550,205,50
4022,20554,205,54
4023,20558,205,58
4024,20562,205,62
4025,20566,205,66
4026,20570,205,70
4027,20574,205,74
4028,20578,205,78
4029,20582,205,82
4030,20586,205,86
4031,20590,205,90
4032,20594,205,94
4033,20598,205,98
4034,20602,206,2
4035,20606,206,6
4036,20610,206,10
4037,20614,206,14
4038,20618,206,18
4039,20622,206,22
4040,20626,206,26
4041,20630,206,30
4042,20634,206,34
4043,20638,206,38
4044,20642,206,42
4045,20646,206,46
4046,20650,206,50
4047,20654,206,54
4048,20658,206,58
4049,20662,206,62
4050,20666,206,66
4051,20670,206,70
4052,20674,206,74
4053,20678,206,78
4054,20682,206,82
4055,20686,206,86
4056,20690,206,90
4057,20694,206,94
4058,20698,206,98
4059,20702,207,2
4060,20706,207,6
4061,20710,207,10
4062,20714,207,14
4063,20718,207,18
4064,20722,207,22
4065,20726,207,26
4066,20730,207,30
4067,20734,207,34
4068,20738,207,38
4069,20742,207,42
4070,20746,207,46
4071,20750,207,50
4072,20754,207,54
4073,20758,207,58
4074,20762,207,62
4075,20766,207,66
4076,20770,207,70
4077,20774,207,74
4078,20778,207,78
4079,20782,207,82
4080,20786,207,86
4081,20790,207,90
4082,20794,207,94
4083,20798,207,98
4084,20802,208,2
4085,20806,208,6
4086,20810,208,10
4087,20814,208,14
4088,20818,208,18
4089,20822,208,22
4090,20826,208,26
4091,20830,208,30
4092,20834,208,34
4093,20838,208,38
4094,20842,208,42
4095,20846,208,46
4096,20850,208,50
4097,10612,106,12
4098,10616,106,16
4099,10620,106,20
4100,10624,106,24
4101,10628,106,28
4102,10632,106,32
4103,10636,106,36
4104,10640,106,40
4105,10644,106,44
4106,10648,106,48
4107,10652,106,52
4108,10656,106,56
4109,10660,106,60
4110,10664,106,64
4111,10668,106,68
4112,10672,106,72
4113,10676,106,76
4114,10680,106,80
4115,10684,106,84
4116,10688,106,88
4117,10692,106,92
4118,10696,106,96
4119,10700,107,0
4120,10704,107,4
4121,10708,107,8
4122,10712,107,12
4123,10716,107,16
4124,10720,107,20
4125,10724,107,24
4126,10728,107,28
4127,10732,107,32
4128,10736,107,36
4129,10740,107,40
4130,10744,107,44
4131,10748,107,48
4132,10752,107,52
4133,10756,107,56
4134,10760,107,60
4135,10764,107,64
4136,10768,107,68
4137,10772,107,72
4138,10776,107,76
4139,10780,107,80
4140,10784,107,84
4141,10788,107,88
4142,10792,107,92
4143,10796,107,96
4144,10800,108,0
4145,10804,108,4
4146,10808,108,8
4147,10812,108,12
4148,10816,108,16
4149,10820,108,20
4150,10824,108,24
4151,10828,108,28
4152,10832,108,32
4153,10836,108,36
4154,10840,108,40
4155,10844,108,44
4156,10848,108,48
4157,10852,108,52
4158,10856,108,56
4159,10860,108,60
4160,10864,108,64
4161,10868,108,68
4162,10872,108,72
4163,10876,108,76
4164,10880,108,80
4165,10884,108,84
4166,10888,108,88
4167,10892,108,92
4168,10896,108,96
4169,10900,109,0
4170,10904,109,4
4171,10908,109,8
4172,10912,109,12
4173,10916,109,16
4174,10920,109,20
4175,10924,109,24
4176,10928,109,28
4177,10932,109,32
4178,10936,109,36
4179,10940,109,40
4180,10944,109,44
4181,10948,109,48
4182,10952,109,52
4183,10956,109,56
4184,10960,109,60
4185,10964,109,64
4186,10968,109,68
4187,10972,109,72
4188,10976,109,76
4189,10980,109,80
4190,10984,109,84
4191,10988,109,88
4192,10992,109,92
4193,10996,109,96
4194,11000,110,0
4195,11004,110,4
4196,11008,110,8
4197,11012,110,12
4198,11016,110,16
4199,11020,110,20
4200,11024,110,24
4201,11028,110,28
4202,11032,110,32
4203,11036,110,36
4204,11040,110,40
4205,11044,110,44
4206,11048,110,48
4207,11052,110,52
4208,11056,110,56
4209,11060,110,60
4210,11064,110,64
4211,11068,110,68
4212,11072,110,72
4213,11076,110,76
4214,11080,110,80
4215,11084,110,84
4216,11088,110,88
4217,11092,110,92
4218,11096,110,96
4219,11100,111,0
4220,11104,111,4
4221,11108,111,8
4222,11112,111,12
4223,11116,111,16
4224,11120,111,20
4225,11124,111,24
4226,11128,111,28
4227,11132,111,32
4228,11136,111,36
4229,11140,111,40
4230,11144,111,44
4231,11148,111,48
4232,11152,111,52
4233,11156,111,56
4234,11160,111,60
4235,11164,111,64
4236,11168,111,68
4237,11172,111,72
4238,11176,111,76
4239,11180,111,80
4240,11184,111,84
4241,11188,111,88
4242,11192,111,92
4243,11196,111,96
4244,11200,112,0
4245,11204,112,4
4246,11208,112,8
4247,11212,112,12
4248,11216,112,16
4249,11220,112,20
4250,11224,112,24
4251,11228,112,28
4252,11232,112,32
4253,11236,112,36
4254,11240,112,40
4255,11244,112,44
4256,11248,112,48
4257,11252,112,52
4258,11256,112,56
4259,11260,112,60
4260,11264,112,64
4261,11268,112,68
4262,11272,112,72
4263,11276,112,76
4264,11280,112,80
4265,11284,112,84
4266,11288,112,88
4267,11292,112,92
4268,11296,112,96
4269,11300,113,0
4270,11304,113,4
4271,11308,113,8
4272,11312,113,12
4273,11316,113,16
4274,11320,113,20
4275,11324,113,24
4276,11328,113,28
4277,11332,113,32
4278,11336,113,36
4279,11340,113,40
4280,11344,113,44
4281,11348,113,48
4282,11352,113,52
4283,11356,113,56
4284,11360,113,60
4285,11364,113,64
4286,11368,113,68
4287,11372,113,72
4288,11376,113,76
4289,11380,113,80
4290,11384,113,84
4291,11388,113,88
4292,11392,113,92
4293,11396,113,96
4294,11400,114,0
4295,11404,114,4
4296,11408,114,8
4297,11412,114,12
4298,11416,114,16
4299,11420,114,20
4300,11424,114,24
4301,11428,114,28
4302,11432,114,32
4303,11436,114,36
4304,11440,114,40
4305,11444,114,44
4306,11448,114,48
4307,11452,114,52
4308,11456,114,56
4309,11460,114,60
4310,11464,114,64
4311,11468,114,68
4312,11472,114,72
4313,11476,114,76
4314,11480,114,80
4315,11484,114,84
4316,11488,114,88
4317,11492,114,92
4318,11496,114,96
4319,11500,115,0
4320,11504,115,4
4321,11508,115,8
4322,11512,115,12
4323,11516,115,16
4324,11520,115,20
4325,11524,115,24
4326,11528,115,28
4327,11532,115,32
4328,11536,115,36
4329,11540,115,40
4330,11544,115,44
4331,11548,115,48
4332,11552,115,52
4333,11556,115,56
4334,11560,115,60
4335,11564,115,64
4336,11568,115,68
4337,11572,115,72
4338,11576,115,76
4339,11580,115,80
4340,11584,115,84
4341,11588,115,88
4342,11592,115,92
4343,11596,115,96
4344,11600,116,0
4345,11604,116,4
4346,11608,116,8
4347,11612,116,12
4348,11616,116,16
4349,11620,116,20
4350,11624,116,24
4351,11628,116,28
4352,11632,116,32
4353,11636,116,36
4354,11640,116,40
4355,11644,116,44
4356,11648,116,48
4357,11652,116,52
4358,11656,116,56
4359,11660,116,60
4360,11664,116,64
4361,11668,116,68
4362,11672,116,72
4363,11676,116,76
4364,11680,116,80
4365,11684,116,84
4366,11688,116,88
4367,11692,116,92
4368,11696,116,96
4369,11700,117,0
4370,11704,117,4
4371,11708,117,8
4372,11712,117,12
4373,11716,117,16
4374,11720,117,20
4375,11724,117,24
4376,11728,117,28
4377,11732,117,32
4378,11736,117,36
4379,11740,117,40
4380,11744,117,44
4381,11748,117,48
4382,11752,117,52
4383,11756,117,56
4384,11760,117,60
4385,11764,117,64
4386,11768,117,68
4387,11772,117,72
4388,11776,117,76
4389,11780,117,80
4390,11784,117,84
4391,11788,117,88
4392,11792,117,92
4393,11796,117,96
4394,11800,118,0
4395,11804,118,4
4396,11808,118,8
4397,11812,118,12
4398,11816,118,16
4399,11820,118,20
4400,11824,118,24
4401,11828,118,28
4402,11832,118,32
4403,11836,118,36
4404,11840,118,40
4405,11844,118,44
4406,11848,118,48
4407,11852,118,52
4408,11856,118,56
4409,11860,118,60
4410,11864,118,64
4411,11868,118,68
4412,11872,118,72
4413,11876,118,76
4414,11880,118,80
4415,11884,118,84
4416,11888,118,88
4417,11892,118,92
4418,11896,118,96
4419,11900,119,0
4420,11904,119,4
4421,11908,119,8
4422,11912,119,12
4423,11916,119,16
4424,11920,119,20
4425,11924,119,24
4426,11928,119,28
4427,11932,119,32
4428,11936,119,36
4429,11940,119,40
4430,11944,119,44
4431,11948,119,48
4432,11952,119,52
4433,11956,119,56
4434,11960,119,60
4435,11964,119,64
4436,11968,119,68
4437,11972,119,72
4438,11976,119,76
4439,11980,119,80
4440,11984,119,84
4441,11988,119,88
4442,11992,119,92
4443,11996,119,96
4444,12000,120,0
4445,12004,120,4
4446,12008,120,8
4447,12012,120,12
4448,12016,120,16
4449,12020,120,20
4450,12024,120,24
4451,12028,120,28
4452,12032,120,32
4453,12036,120,36
4454,12040,120,40
4455,12044,120,44
4456,12048,120,48
4457,12052,120,52
4458,12056,120,56
4459,12060,120,60
4460,12064,120,64
4461,12068,120,68
4462,12072,120,72
4463,12076,120,76
4464,12080,120,80
4465,12084,120,84
4466,12088,120,88
4467,12092,120,92
4468,12096,120,96
4469,12100,121,0
4470,12104,121,4
4471,12108,121,8
4472,12112,121,12
4473,12116,121,16
4474,12120,121,20
4475,12124,121,24
4476,12128,121,28
4477,12132,121,32
4478,12136,121,36
4479,12140,121,40
4480,12144,121,44
4481,12148,121,48
4482,12152,121,52
4483,12156,121,56
4484,12160,121,60
4485,12164,121,64
4486,12168,121,68
4487,12172,121,72
4488,12176,121,76
4489,12180,121,80
4490,12184,121,84
4491,12188,121,88
4492,12192,121,92
4493,12196,121,96
4494,12200,122,0
4495,12204,122,4
4496,12208,122,8
4497,12212,122,12
4498,12216,122,16
4499,12220,122,20
4500,12224,122,24
4501,12228,122,28
4502,12232,122,32
4503,12236,122,36
4504,12240,122,40
4505,12244,122,44
4506,12248,122,48
4507,12252,122,52
4508,12256,122,56
4509,12260,122,60
4510,12264,122,64
4511,12268,122,68
4512,12272,122,72
4513,12276,122,76
4514,12280,122,80
4515,12284,122,84
4516,12288,122,88
4517,12292,122,92
4518,12296,122,96
4519,12300,123,0
4520,12304,123,4
4521,12308,123,8
4522,12312,123,12
4523,12316,123,16
4524,12320,123,20
4525,12324,123,24
4526,12328,123,28
4527,12332,123,32
4528,12336,123,36
4529,12340,123,40
4530,12344,123,44
4531,12348,123,48
4532,12352,123,52
4533,12356,123,56
4534,12360,123,60
4535,12364,123,64
4536,12368,123,68
4537,12372,123,72
4538,12376,123,76
4539,12380,123,80
4540,12384,123,84
4541,12388,123,88
4542,12392,123,92
4543,12396,123,96
4544,12400,124,0
4545,12404,124,4
4546,12408,124,8
4547,12412,124,12
4548,12416,124,16
4549,12420,124,20
4550,12424,124,24
4551,12428,124,28
4552,12432,124,32
4553,12436,124,36
4554,12440,124,40
4555,12444,124,44
4556,12448,124,48
4557,12452,124,52
4558,12456,124,56
4559,12460,124,60
4560,12464,124,64
4561,12468,124,68
4562,12472,124,72
4563,12476,124,76
4564,12480,124,80
4565,12484,124,84
4566,12488,124,88
4567,12492,124,92
4568,12496,124,96
4569,12500,125,0
4570,12504,125,4
4571,12508,125,8
4572,12512,125,12
4573,12516,125,16
4574,12520,125,20
4575,12524,125,24
4576,12528,125,28
4577,12532,125,32
4578,12536,125,36
4579,12540,125,40
4580,12544,125,44
4581,12548,125,48
4582,12552,125,52
4583,12556,125,56
4584,12560,125,60
4585,12564,125,64
4586,12568,125,68
4587,12572,125,72
4588,12576,125,76
4589,12580,125,80
4590,12584,125,84
4591,12588,125,88
4592,12592,125,92
4593,12596,125,96
4594,12600,126,0
4595,12604,126,4
4596,12608,126,8
4597,12612,126,12
4598,12616,126,16
4599,12620,126,20
4600,12624,126,24
4601,12628,126,28
4602,12632,126,32
4603,12636,126,36
4604,12640,126,40
4605,12644,126,44
4606,12648,126,48
4607,12652,126,52
4608,12656,126,56
4609,12660,126,60
4610,12664,126,64
4611,12668,126,68
4612,12672,126,72
4613,12676,126,76
4614,12680,126,80
4615,12684,126,84
4616,12688,126,88
4617,12692,126,92
4618,12696,126,96
4619,12700,127,0
4620,12704,127,4
4621,12708,127,8
4622,12712,127,12
4623,12716,127,16
4624,12720,127,20
4625,12724,127,24
4626,12728,127,28
4627,12732,127,32
4628,12736,127,36
4629,12740,127,40
4630,12744,127,44
4631,12748,127,48
4632,12752,127,52
4633,12756,127,56
4634,12760,127,60
4635,12764,127,64
4636,12768,127,68
4637,12772,127,72
4638,12776,127,76
4639,12780,127,80
4640,12784,127,84
4641,12788,127,88
4642,12792,127,92
4643,12796,127,96
4644,12800,128,0
4645,12804,128,4
4646,12808,128,8
4647,12812,128,12
4648,12816,128,16
4649,12820,128,20
4650,12824,128,24
4651,12828,128,28
4652,12832,128,32
4653,12836,128,36
4654,12840,128,40
4655,12844,128,44
4656,12848,128,48
4657,12852,128,52
4658,12856,128,56
4659,12860,128,60
4660,12864,128,64
4661,12868,128,68
4662,12872,128,72
4663,12876,128,76
4664,12880,128,80
4665,12884,128,84
4666,12888,128,88
4667,12892,128,92
4668,12896,128,96
4669,12900,129,0
4670,12904,129,4
4671,12908,129,8
4672,12912,129,12
4673,12916,129,16
4674,12920,129,20
4675,12924,129,24
4676,12928,129,28
4677,12932,129,32
4678,12936,129,36
4679,12940,129,40
4680,12944,129,44
4681,12948,129,48
4682,12952,129,52
4683,12956,129,56
4684,12960,129,60
4685,12964,129,64
4686,12968,129,68
4687,12972,129,72
4688,12976,129,76
4689,12980,129,80
4690,12984,129,84
4691,12988,129,88
4692,12992,129,92
4693,12996,129,96
4694,13000,130,0
4695,13004,130,4
4696,13008,130,8
4697,13012,130,12
4698,13016,130,16
4699,13020,130,20
4700,13024,130,24
4701,13028,130,28
4702,13032,130,32
4703,13036,130,36
4704,13040,130,40
4705,13044,130,44
4706,13048,130,48
4707,13052,130,52
4708,13056,130,56
4709,13060,130,60
4710,13064,130,64
4711,13068,130,68
4712,13072,130,72
4713,13076,130,76
4714,13080,130,80
4715,13084,130,84
4716,13088,130,88
4717,13092,130,92
4718,13096,130,96
4719,13100,131,0
4720,13104,131,4
4721,13108,131,8
4722,13112,131,12
4723,13116,131,16
4724,13120,131,20
4725,13124,131,24
4726,13128,131,28
4727,13132,131,32
4728,13136,131,36
4729,13140,131,40
4730,13144,131,44
4731,13148,131,48
4732,13152,131,52
4733,13156,131,56
4734,13160,131,60
4735,13164,131,64
4736,13168,131,68
4737,13172,131,72
4738,13176,131,76
4739,13180,131,80
4740,13184,131,84
4741,13188,131,88
4742,13192,131,92
4743,13196,131,96
4744,13200,132,0
4745,13204,132,4
4746,13208,132,8
4747,13212,132,12
4748,13216,132,16
4749,13220,132,20
4750,13224,132,24
4751,13228,132,28
4752,13232,132,32
4753,13236,132,36
4754,13240,132,40
4755,13244,132,44
4756,13248,132,48
4757,13252,132,52
4758,13256,132,56
4759,13260,132,60
4760,13264,132,64
4761,13268,132,68
4762,13272,132,72
4763,13276,132,76
4764,13280,132,80
4765,13284,132,84
4766,13288,132,88
4767,13292,132,92
4768,13296,132,96
4769,13300,133,0
4770,13304,133,4
4771,13308,133,8
4772,13312,133,12
4773,13316,133,16
4774,13320,133,20
4775,13324,133,24
4776,13328,133,28
4777,13332,133,32
4778,13336,133,36
4779,13340,133,40
4780,13344,133,44
4781,13348,133,48
4782,13352,133,52
4783,13356,133,56
4784,13360,133,60
4785,13364,133,64
4786,13368,133,68
4787,13372,133,72
4788,13376,133,76
4789,13380,133,80
4790,13384,133,84
4791,13388,133,88
4792,13392,133,92
4793,13396,133,96
4794,13400,134,0
4795,13404,134,4
4796,13408,134,8
4797,13412,134,12
4798,13416,134,16
4799,13420,134,20
4800,13424,134,24
4801,13428,134,28
4802,13432,134,32
4803,13436,134,36
4804,13440,134,40
4805,13444,134,44
4806,13448,134,48
4807,13452,134,52
4808,13456,134,56
4809,13460,134,60
4810,13464,134,64
4811,13468,134,68
4812,13472,134,72
4813,13476,134,76
4814,13480,134,80
4815,13484,134,84
4816,13488,134,88
4817,13492,134,92
4818,13496,134,96
4819,13500,135,0
4820,13504,135,4
4821,13508,135,8
4822,13512,135,12
4823,13516,135,16
4824,13520,135,20
4825,13524,135,24
4826,13528,135,28
4827,13532,135,32
4828,13536,135,36
4829,13540,135,40
4830,13544,135,44
4831,13548,135,48
4832,13552,135,52
4833,13556,135,56
4834,13560,135,60
4835,13564,135,64
4836,13568,135,68
4837,13572,135,72
4838,13576,135,76
4839,13580,135,80
4840,13584,135,84
4841,13588,135,88
4842,13592,135,92
4843,13596,135,96
4844,13600,136,0
4845,13604,136,4
4846,13608,136,8
4847,13612,136,12
4848,13616,136,16
4849,13620,136,20
4850,13624,136,24
4851,13628,136,28
4852,13632,136,32
4853,13636,136,36
4854,13640,136,40
4855,13644,136,44
4856,13648,136,48
4857,13652,136,52
4858,13656,136,56
4859,13660,136,60
4860,13664,136,64
4861,13668,136,68
4862,13672,136,72
4863,13676,136,76
4864,13680,136,80
4865,13684,136,84
4866,13688,136,88
4867,13692,136,92
4868,13696,136,96
4869,13700,137,0
4870,13704,137,4
4871,13708,137,8
4872,13712,137,12
4873,13716,137,16
4874,13720,137,20
4875,13724,137,24
4876,13728,137,28
4877,13732,137,32
4878,13736,137,36
4879,13740,137,40
4880,13744,137,44
4881,13748,137,48
4882,13752,137,52
4883,13756,137,56
4884,13760,137,60
4885,13764,137,64
4886,13768,137,68
4887,13772,137,72
4888,13776,137,76
4889,13780,137,80
4890,13784,137,84
4891,13788,137,88
4892,13792,137,92
4893,13796,137,96
4894,13800,138,0
4895,13804,138,4
4896,13808,138,8
4897,13812,138,12
4898,13816,138,16
4899,13820,138,20
4900,13824,138,24
4901,13828,138,28
4902,13832,138,32
4903,13836,138,36
4904,13840,138,40
4905,13844,138,44
4906,13848,138,48
4907,13852,138,52
4908,13856,138,56
4909,13860,138,60
4910,13864,138,64
4911,13868,138,68
4912,13872,138,72
4913,13876,138,76
4914,13880,138,80
4915,13884,138,84
4916,13888,138,88
4917,13892,138,92
4918,13896,138,96
4919,13900,139,0
4920,13904,139,4
4921,13908,139,8
4922,13912,139,12
4923,13916,139,16
4924,13920,139,20
4925,13924,139,24
4926,13928,139,28
4927,13932,139,32
4928,13936,139,36
4929,13940,139,40
4930,13944,139,44
4931,13948,139,48
4932,13952,139,52
4933,13956,139,56
4934,13960,139,60
4935,13964,139,64
4936,13968,139,68
4937,13972,139,72
4938,13976,139,76
4939,13980,139,80
4940,13984,139,84
4941,13988,139,88
4942,13992,139,92
4943,13996,139,96
4944,14000,140,0
4945,14004,140,4
4946,14008,140,8
4947,14012,140,12
4948,14016,140,16
4949,14020,140,20
4950,14024,140,24
4951,14028,140,28
4952,14032,140,32
4953,14036,140,36
4954,14040,140,40
4955,14044,140,44
4956,14048,140,48
4957,14052,140,52
4958,14056,140,56
4959,14060,140,60
4960,14064,140,64
4961,14068,140,68
4962,14072,140,72
4963,14076,140,76
4964,14080,140,80
4965,14084,140,84
4966,14088,140,88
4967,14092,140,92
4968,14096,140,96
4969,14100,141,0
4970,14104,141,4
4971,14108,141,8
4972,14112,141,12
4973,14116,141,16
4974,14120,141,20
4975,14124,141,24
4976,14128,141,28
4977,14132,141,32
4978,14136,141,36
4979,14140,141,40
4980,14144,141,44
4981,14148,141,48
4982,14152,141,52
4983,14156,141,56
4984,14160,141,60
4985,14164,141,64
4986,14168,141,68
4987,14172,141,72
4988,14176,141,76
4989,14180,141,80
4990,14184,141,84
4991,14188,141,88
4992,14192,141,92
4993,14196,141,96
4994,14200,142,0
4995,14204,142,4
4996,14208,142,8
4997,14212,142,12
4998,14216,142,16
4999,14220,142,20
5000,14224,142,24
5001,14228,142,28
5002,14232,142,32
5003,14236,142,36
5004,14240,142,40
5005,14244,142,44
5006,14248,142,48
5007,14252,142,52
5008,14256,142,56
5009,14260,142,60
5010,14264,142,64
5011,14268,142,68
5012,14272,142,72
5013,14276,142,76
5014,14280,142,80
5015,14284,142,84
5016,14288,142,88
5017,14292,142,92
5018,14296,142,96
5019,14300,143,0
5020,14304,143,4
5021,14308,143,8
5022,14312,143,12
5023,14316,143,16
5024,14320,143,20
5025,14324,143,24
5026,14328,143,28
5027,14332,143,32
5028,14336,143,36
5029,14340,143,40
5030,14344,143,44
5031,14348,143,48
5032,14352,143,52
5033,14356,143,56
5034,14360,143,60
5035,14364,143,64
5036,14368,143,68
5037,14372,143,72
5038,14376,143,76
5039,14380,143,80
5040,14384,143,84
5041,14388,143,88
5042,14392,143,92
5043,14396,143,96
5044,14400,144,0
5045,14404,144,4
5046,14408,144,8
5047,14412,144,12
5048,14416,144,16
5049,14420,144,20
5050,14424,144,24
5051,14428,144,28
5052,14432,144,32
5053,14436,144,36
5054,14440,144,40
5055,14444,144,44
5056,14448,144,48
5057,14452,144,52
5058,14456,144,56
5059,14460,144,60
5060,14464,144,64
5061,14468,144,68
5062,14472,144,72
5063,14476,144,76
5064,14480,144,80
5065,14484,144,84
5066,14488,144,88
5067,14492,144,92
5068,14496,144,96
5069,14500,145,0
5070,14504,145,4
5071,14508,145,8
5072,14512,145,12
5073,14516,145,16
5074,14520,145,20
5075,14524,145,24
5076,14528,145,28
5077,14532,145,32
5078,14536,145,36
5079,14540,145,40
5080,14544,145,44
5081,14548,145,48
5082,14552,145,52
5083,14556,145,56
5084,14560,145,60
5085,14564,145,64
5086,14568,145,68
5087,14572,145,72
5088,14576,145,76
5089,14580,145,80
5090,14584,145,84
5091,14588,145,88
5092,14592,145,92
5093,14596,145,96
5094,14600,146,0
5095,14604,146,4
5096,14608,146,8
5097,14612,146,12
5098,14616,146,16
5099,14620,146,20
5100,14624,146,24
5101,14628,146,28
5102,14632,146,32
5103,14636,146,36
5104,14640,146,40
5105,14644,146,44
5106,14648,146,48
5107,14652,146,52
5108,14656,146,56
5109,14660,146,60
5110,14664,146,64
5111,14668,146,68
5112,14672,146,72
5113,14676,146,76
5114,14680,146,80
5115,14684,146,84
5116,14688,146,88
5117,14692,146,92
5118,14696,146,96
5119,14700,147,0
5120,14704,147,4
5121,29048,290,48
5122,29052,290,52
5123,29056,290,56
5124,29060,290,60
5125,29064,290,64
5126,29068,290,68
5127,29072,290,72
5128,29076,290,76
5129,29080,290,80
5130,29084,290,84
5131,29088,290,88
5132,29092,290,92
5133,29096,290,96
5134,29100,291,0
5135,29104,291,4
5136,29108,291,8
5137,29112,291,12
5138,29116,291,16
5139,29120,291,20
5140,29124,291,24
5141,29128,291,28
5142,29132,291,32
5143,29136,291,36
5144,29140,291,40
5145,29144,291,44
5146,29148,291,48
5147,29152,291,52
5148,29156,291,56
5149,29160,291,60
5150,29164,291,64
5151,29168,291,68
5152,29172,291,72
5153,29176,291,76
5154,29180,291,80
5155,29184,291,84
5156,29188,291,88
5157,29192,291,92
5158,29196,291,96
5159,29200,292,0
5160,29204,292,4
5161,29208,292,8
5162,29212,292,12
5163,29216,292,16
5164,29220,292,20
5165,29224,292,24
5166,29228,292,28
5167,29232,292,32
5168,29236,292,36
5169,29240,292,40
5170,29244,292,44
5171,29248,292,48
5172,29252,292,52
5173,29256,292,56
5174,29260,292,60
5175,29264,292,64
5176,29268,292,68
5177,29272,292,72
5178,29276,292,76
5179,29280,292,80
5180,29284,292,84
5181,29288,292,88
5182,29292,292,92
5183,29296,292,96
5184,29300,293,0
5185,29304,293,4
5186,29308,293,8
5187,29312,293,12
5188,29316,293,16
5189,29320,293,20
5190,29324,293,24
5191,29328,293,28
5192,29332,293,32
5193,29336,293,36
5194,29340,293,40
5195,29344,293,44
5196,29348,293,48
5197,29352,293,52
5198,29356,293,56
5199,29360,293,60
5200,29364,293,64
5201,29368,293,68
5202,29372,293,72
5203,29376,293,76
5204,29380,293,80
5205,29384,293,84
5206,29388,293,88
5207,29392,293,92
5208,29396,293,96
5209,29400,294,0
5210,29404,294,4
5211,29408,294,8
5212,29412,294,12
5213,29416,294,16
5214,29420,294,20
5215,29424,294,24
5216,29428,294,28
5217,29432,294,32
5218,29436,294,36
5219,29440,294,40
5220,29444,294,44
5221,29448,294,48
5222,29452,294,52
5223,29456,294,56
5224,29460,294,60
5225,29464,294,64
5226,29468,294,68
5227,29472,294,72
5228,29476,294,76
5229,29480,294,80
5230,29484,294,84
5231,29488,294,88
5232,29492,294,92
5233,29496,294,96
5234,29500,295,0
5235,29504,295,4
5236,29508,295,8
5237,29512,295,12
5238,29516,295,16
5239,29520,295,20
5240,29524,295,24
5241,29528,295,28
5242,29532,295,32
5243,29536,295,36
5244,29540,295,40
5245,29544,295,44
5246,29548,295,48
5247,29552,295,52
5248,29556,295,56
5249,29560,295,60
5250,29564,295,64
5251,29568,295,68
5252,29572,295,72
5253,29576,295,76
5254,29580,295,80
5255,29584,295,84
5256,29588,295,88
5257,29592,295,92
5258,29596,295,96
5259,29600,296,0
5260,29604,296,4
5261,29608,296,8
5262,29612,296,12
5263,29616,296,16
5264,29620,296,20
5265,29624,296,24
5266,29628,296,28
5267,29632,296,32
5268,29636,296,36
5269,29640,296,40
5270,29644,296,44
5271,29648,296,48
5272,29652,296,52
5273,29656,296,56
5274,29660,296,60
5275,29664,296,64
5276,29668,296,68
5277,29672,296,72
5278,29676,296,76
5279,29680,296,80
5280,29684,296,84
5281,29688,296,88
5282,29692,296,92
5283,29696,296,96
5284,29700,297,0
5285,29704,297,4
5286,29708,297,8
5287,29712,297,12
5288,29716,297,16
5289,29720,297,20
5290,29724,297,24
5291,29728,297,28
5292,29732,297,32
5293,29736,297,36
5294,29740,297,40
5295,29744,297,44
5296,29748,297,48
5297,29752,297,52
5298,29756,297,56
5299,29760,297,60
5300,29764,297,64
5301,29768,297,68
5302,29772,297,72
5303,29776,297,76
5304,29780,297,80
5305,29784,297,84
5306,29788,297,88
5307,29792,297,92
5308,29796,297,96
5309,29800,298,0
5310,29804,298,4
5311,29808,298,8
5312,29812,298,12
5313,29816,298,16
5314,29820,298,20
5315,29824,298,24
5316,29828,298,28
5317,29832,298,32
5318,29836,298,36
5319,29840,298,40
5320,29844,298,44
5321,29848,298,48
5322,29852,298,52
5323,29856,298,56
5324,29860,298,60
5325,29864,298,64
5326,29868,298,68
5327,29872,298,72
5328,29876,298,76
5329,29880,298,80
5330,29884,298,84
5331,29888,298,88
5332,29892,298,92
5333,29896,298,96
5334,29900,299,0
5335,29904,299,4
5336,29908,299,8
5337,29912,299,12
5338,29916,299,16
5339,29920,299,20
5340,29924,299,24
5341,29928,299,28
5342,29932,299,32
5343,29936,299,36
5344,29940,299,40
5345,29944,299,44
5346,29948,299,48
5347,29952,299,52
5348,29956,299,56
5349,29960,299,60
5350,29964,299,64
5351,29968,299,68
5352,29972,299,72
5353,29976,299,76
5354,29980,299,80
5355,29984,299,84
5356,29988,299,88
5357,29992,299,92
5358,29996,299,96
5359,30000,300,0
5360,30004,300,4
5361,30008,300,8
5362,30012,300,12
5363,30016,300,16
5364,30020,300,20
5365,30024,300,24
5366,30028,300,28
5367,30032,300,32
5368,30036,300,36
5369,30040,300,40
5370,30044,300,44
5371,30048,300,48
5372,30052,300,52
5373,30056,300,56
5374,30060,300,60
5375,30064,300,64
5376,30068,300,68
5377,30072,300,72
5378,30076,300,76
5379,30080,300,80
5380,30084,300,84
5381,30088,300,88
5382,30092,300,92
5383,30096,300,96
5384,30100,301,0
5385,30104,301,4
5386,30108,301,8
5387,30112,301,12
5388,30116,301,16
5389,30120,301,20
5390,30124,301,24
5391,30128,301,28
5392,30132,301,32
5393,30136,301,36
5394,30140,301,40
5395,30144,301,44
5396,30148,301,48
5397,30152,301,52
5398,30156,301,56
5399,30160,301,60
5400,30164,301,64
5401,30168,301,68
5402,30172,301,72
5403,30176,301,76
5404,30180,301,80
5405,30184,301,84
5406,30188,301,88
5407,30192,301,92
5408,30196,301,96
5409,30200,302,0
5410,30204,302,4
5411,30208,302,8
5412,30212,302,12
5413,30216,302,16
5414,30220,302,20
5415,30224,302,24
5416,30228,302,28
5417,30232,302,32
5418,30236,302,36
5419,30240,302,40
5420,30244,302,44
5421,30248,302,48
5422,30252,302,52
5423,30256,302,56
5424,30260,302,60
5425,30264,302,64
5426,30268,302,68
5427,30272,302,72
5428,30276,302,76
5429,30280,302,80
5430,30284,302,84
5431,30288,302,88
5432,30292,302,92
5433,30296,302,96
5434,30300,303,0
5435,30304,303,4
5436,30308,303,8
5437,30312,303,12
5438,30316,303,16
5439,30320,303,20
5440,30324,303,24
5441,30328,303,28
5442,30332,303,32
5443,30336,303,36
5444,30340,303,40
5445,30344,303,44
5446,30348,303,48
5447,30352,303,52
5448,30356,303,56
5449,30360,303,60
5450,30364,303,64
5451,30368,303,68
5452,30372,303,72
5453,30376,303,76
5454,30380,303,80
5455,30384,303,84
5456,30388,303,88
5457,30392,303,92
5458,30396,303,96
5459,30400,304,0
5460,30404,304,4
5461,30408,304,8
5462,30412,304,12
5463,30416,304,16
5464,30420,304,20
5465,30424,304,24
5466,30428,304,28
5467,30432,304,32
5468,30436,304,36
5469,30440,304,40
5470,30444,304,44
5471,30448,304,48
5472,30452,304,52
5473,30456,304,56
5474,30460,304,60
5475,30464,304,64
5476,30468,304,68
5477,30472,304,72
5478,30476,304,76
5479,30480,304,80
5480,30484,304,84
5481,30488,304,88
5482,30492,304,92
5483,30496,304,96
5484,30500,305,0
5485,30504,305,4
5486,30508,305,8
5487,30512,305,12
5488,30516,305,16
5489,30520,305,20
5490,30524,305,24
5491,30528,305,28
5492,30532,305,32
5493,30536,305,36
5494,30540,305,40
5495,30544,305,44
5496,30548,305,48
5497,30552,305,52
5498,30556,305,56
5499,30560,305,60
5500,30564,305,64
5501,30568,305,68
5502,30572,305,72
5503,30576,305,76
5504,30580,305,80
5505,30584,305,84
5506,30588,305,88
5507,30592,305,92
5508,30596,305,96
5509,30600,306,0
5510,30604,306,4
5511,30608,306,8
5512,30612,306,12
5513,30616,306,16
5514,30620,306,20
5515,30624,306,24
5516,30628,306,28
5517,30632,306,32
5518,30636,306,36
5519,30640,306,40
5520,30644,306,44
5521,30648,306,48
5522,30652,306,52
5523,30656,306,56
5524,30660,306,60
5525,30664,306,64
5526,30668,306,68
5527,30672,306,72
5528,30676,306,76
5529,30680,306,80
5530,30684,306,84
5531,30688,306,88
5532,30692,306,92
5533,30696,306,96
5534,30700,307,0
5535,30704,307,4
5536,30708,307,8
5537,30712,307,12
5538,30716,307,16
5539,30720,307,20
5540,30724,307,24
5541,30728,307,28
5542,30732,307,32
5543,30736,307,36
5544,30740,307,40
5545,30744,307,44
5546,30748,307,48
5547,30752,307,52
5548,30756,307,56
5549,30760,307,60
5550,30764,307,64
5551,30768,307,68
5552,30772,307,72
5553,30776,307,76
5554,30780,307,80
5555,30784,307,84
5556,30788,307,88
5557,30792,307,92
5558,30796,307,96
5559,30800,308,0
5560,30804,308,4
5561,30808,308,8
5562,30812,308,12
5563,30816,308,16
5564,30820,308,20
5565,30824,308,24
5566,30828,308,28
5567,30832,308,32
5568,30836,308,36
5569,30840,308,40
5570,30844,308,44
5571,30848,308,48
5572,30852,308,52
5573,30856,308,56
5574,30860,308,60
5575,30864,308,64
5576,30868,308,68
5577,30872,308,72
5578,30876,308,76
5579,30880,308,80
5580,30884,308,84
5581,30888,308,88
5582,30892,308,92
5583,30896,308,96
5584,30900,309,0
5585,30904,309,4
5586,30908,309,8
5587,30912,309,12
5588,30916,309,16
5589,30920,309,20
5590,30924,309,24
5591,30928,309,28
5592,30932,309,32
5593,30936,309,36
5594,30940,309,40
5595,30944,309,44
5596,30948,309,48
5597,30952,309,52
5598,30956,309,56
5599,30960,309,60
5600,30964,309,64
5601,30968,309,68
5602,30972,309,72
5603,30976,309,76
5604,30980,309,80
5605,30984,309,84
5606,30988,309,88
5607,30992,309,92
5608,30996,309,96
5609,31000,310,0
5610,31004,310,4
5611,31008,310,8
5612,31012,310,12
5613,31016,310,16
5614,31020,310,20
5615,31024,310,24
5616,31028,310,28
5617,31032,310,32
5618,31036,310,36
5619,31040,310,40
5620,31044,310,44
5621,31048,310,48
5622,31052,310,52
5623,31056,310,56
5624,31060,310,60
5625,31064,310,64
5626,31068,310,68
5627,31072,310,72
5628,31076,310,76
5629,31080,310,80
5630,31084,310,84
5631,31088,310,88
5632,31092,310,92
5633,31096,310,96
5634,31100,311,0
5635,31104,311,4
5636,31108,311,8
5637,31112,311,12
5638,31116,311,16
5639,31120,311,20
5640,31124,311,24
5641,31128,311,28
5642,31132,311,32
5643,31136,311,36
5644,31140,311,40
5645,31144,311,44
5646,31148,311,48
5647,31152,311,52
5648,31156,311,56
5649,31160,311,60
5650,31164,311,64
5651,31168,311,68
5652,31172,311,72
5653,31176,311,76
5654,31180,311,80
5655,31184,311,84
5656,31188,311,88
5657,31192,311,92
5658,31196,311,96
5659,31200,312,0
5660,31204,312,4
5661,31208,312,8
5662,31212,312,12
5663,31216,312,16
5664,31220,312,20
5665,31224,312,24
5666,31228,312,28
5667,31232,312,32
5668,31236,312,36
5669,31240,312,40
5670,31244,312,44
5671,31248,312,48
5672,31252,312,52
5673,31256,312,56
5674,31260,312,60
5675,31264,312,64
5676,31268,312,68
5677,31272,312,72
5678,31276,312,76
5679,31280,312,80
5680,31284,312,84
5681,31288,312,88
5682,31292,312,92
5683,31296,312,96
5684,31300,313,0
5685,31304,313,4
5686,31308,313,8
5687,31312,313,12
5688,31316,313,16
5689,31320,313,20
5690,31324,313,24
5691,31328,313,28
5692,31332,313,32
5693,31336,313,36
5694,31340,313,40
5695,31344,313,44
5696,31348,313,48
5697,31352,313,52
5698,31356,313,56
5699,31360,313,60
5700,31364,313,64
5701,31368,313,68
5702,31372,313,72
5703,31376,313,76
5704,31380,313,80
5705,31384,313,84
5706,31388,313,88
5707,31392,313,92
5708,31396,313,96
5709,31400,314,0
5710,31404,314,4
5711,31408,314,8
5712,31412,314,12
5713,31416,314,16
5714,31420,314,20
5715,31424,314,24
5716,31428,314,28
5717,31432,314,32
5718,31436,314,36
5719,31440,314,40
5720,31444,314,44
5721,31448,314,48
5722,31452,314,52
5723,31456,314,56
5724,31460,314,60
5725,31464,314,64
5726,31468,314,68
5727,31472,314,72
5728,31476,314,76
5729,31480,314,80
5730,31484,314,84
5731,31488,314,88
5732,31492,314,92
5733,31496,314,96
5734,31500,315,0
5735,31504,315,4
5736,31508,315,8
5737,31512,315,12
5738,31516,315,16
5739,31520,315,20
5740,31524,315,24
5741,31528,315,28
5742,31532,315,32
5743,31536,315,36
5744,31540,315,40
5745,31544,315,44
5746,31548,315,48
5747,31552,315,52
5748,31556,315,56
5749,31560,315,60
5750,31564,315,64
5751,31568,315,68
5752,31572,315,72
5753,31576,315,76
5754,31580,315,80
5755,31584,315,84
5756,31588,315,88
5757,31592,315,92
5758,31596,315,96
5759,31600,316,0
5760,31604,316,4
5761,31608,316,8
5762,31612,316,12
5763,31616,316,16
5764,31620,316,20
5765,31624,316,24
5766,31628,316,28
5767,31632,316,32
5768,31636,316,36
5769,31640,316,40
5770,31644,316,44
5771,31648,316,48
5772,31652,316,52
5773,31656,316,56
5774,31660,316,60
5775,31664,316,64
5776,31668,316,68
5777,31672,316,72
5778,31676,316,76
5779,31680,316,80
5780,31684,316,84
5781,31688,316,88
5782,31692,316,92
5783,31696,316,96
5784,31700,317,0
5785,31704,317,4
5786,31708,317,8
5787,31712,317,12
5788,31716,317,16
5789,31720,317,20
5790,31724,317,24
5791,31728,317,28
5792,31732,317,32
5793,31736,317,36
5794,31740,317,40
5795,31744,317,44
5796,31748,317,48
5797,31752,317,52
5798,31756,317,56
5799,31760,317,60
5800,31764,317,64
5801,31768,317,68
5802,31772,317,72
5803,31776,317,76
5804,31780,317,80
5805,31784,317,84
5806,31788,317,88
5807,31792,317,92
5808,31796,317,96
5809,31800,318,0
5810,31804,318,4
5811,31808,318,8
5812,31812,318,12
5813,31816,318,16
5814,31820,318,20
5815,31824,318,24
5816,31828,318,28
5817,31832,318,32
5818,31836,318,36
5819,31840,318,40
5820,31844,318,44
5821,31848,318,48
5822,31852,318,52
5823,31856,318,56
5824,31860,318,60
5825,31864,318,64
5826,31868,318,68
5827,31872,318,72
5828,31876,318,76
5829,31880,318,80
5830,31884,318,84
5831,31888,318,88
5832,31892,318,92
5833,31896,318,96
5834,31900,319,0
5835,31904,319,4
5836,31908,319,8
5837,31912,319,12
5838,31916,319,16
5839,31920,319,20
5840,31924,319,24
5841,31928,319,28
5842,31932,319,32
5843,31936,319,36
5844,31940,319,40
5845,31944,319,44
5846,31948,319,48
5847,31952,319,52
5848,31956,319,56
5849,31960,319,60
5850,31964,319,64
5851,31968,319,68
5852,31972,319,72
5853,31976,319,76
5854,31980,319,80
5855,31984,319,84
5856,31988,319,88
5857,31992,319,92
5858,31996,319,96
5859,32000,320,0
5860,32004,320,4
5861,32008,320,8
5862,32012,320,12
5863,32016,320,16
5864,32020,320,20
5865,32024,320,24
5866,32028,320,28
5867,32032,320,32
5868,32036,320,36
5869,32040,320,40
5870,32044,320,44
5871,32048,320,48
5872,32052,320,52
5873,32056,320,56
5874,32060,320,60
5875,32064,320,64
5876,32068,320,68
5877,32072,320,72
5878,32076,320,76
5879,32080,320,80
5880,32084,320,84
5881,32088,320,88
5882,32092,320,92
5883,32096,320,96
5884,32100,321,0
5885,32104,321,4
5886,32108,321,8
5887,32112,321,12
5888,32116,321,16
5889,32120,321,20
5890,32124,321,24
5891,32128,321,28
5892,32132,321,32
5893,32136,321,36
5894,32140,321,40
5895,32144,321,44
5896,32148,321,48
5897,32152,321,52
5898,32156,321,56
5899,32160,321,60
5900,32164,321,64
5901,32168,321,68
5902,32172,321,72
5903,32176,321,76
5904,32180,321,80
5905,32184,321,84
5906,32188,321,88
5907,32192,321,92
5908,32196,321,96
5909,32200,322,0
5910,32204,322,4
5911,32208,322,8
5912,32212,322,12
5913,32216,322,16
5914,32220,322,20
5915,32224,322,24
5916,32228,322,28
5917,32232,322,32
5918,32236,322,36
5919,32240,322,40
5920,32244,322,44
5921,32248,322,48
5922,32252,322,52
5923,32256,322,56
5924,32260,322,60
5925,32264,322,64
5926,32268,322,68
5927,32272,322,72
5928,32276,322,76
5929,32280,322,80
5930,32284,322,84
5931,32288,322,88
5932,32292,322,92
5933,32296,322,96
5934,32300,323,0
5935,32304,323,4
5936,32308,323,8
5937,32312,323,12
5938,32316,323,16
5939,32320,323,20
5940,32324,323,24
5941,32328,323,28
5942,32332,323,32
5943,32336,323,36
5944,32340,323,40
5945,32344,323,44
5946,32348,323,48
5947,32352,323,52
5948,32356,323,56
5949,32360,323,60
5950,32364,323,64
5951,32368,323,68
5952,32372,323,72
5953,32376,323,76
5954,32380,323,80
5955,32384,323,84
5956,32388,323,88
5957,32392,323,92
5958,32396,323,96
5959,32400,324,0
5960,32404,324,4
5961,32408,324,8
5962,32412,324,12
5963,32416,324,16
5964,32420,324,20
5965,32424,324,24
5966,32428,324,28
5967,32432,324,32
5968,32436,324,36
5969,32440,324,40
5970,32444,324,44
5971,32448,324,48
5972,32452,324,52
5973,32456,324,56
5974,32460,324,60
5975,32464,324,64
5976,32468,324,68
5977,32472,324,72
5978,32476,324,76
5979,32480,324,80
5980,32484,324,84
5981,32488,324,88
5982,32492,324,92
5983,32496,324,96
5984,32500,325,0
5985,32504,325,4
5986,32508,325,8
5987,32512,325,12
5988,32516,325,16
5989,32520,325,20
5990,32524,325,24
5991,32528,325,28
5992,32532,325,32
5993,32536,325,36
5994,32540,325,40
5995,32544,325,44
5996,32548,325,48
5997,32552,325,52
5998,32556,325,56
5999,32560,325,60
6000,32564,325,64
6001,32568,325,68
6002,32572,325,72
6003,32576,325,76
6004,32580,325,80
6005,32584,325,84
6006,32588,325,88
6007,32592,325,92
6008,32596,325,96
6009,32600,326,0
6010,32604,326,4
6011,32608,326,8
6012,32612,326,12
6013,32616,326,16
6014,32620,326,20
6015,32624,326,24
6016,32628,326,28
6017,32632,326,32
6018,32636,326,36
6019,32640,326,40
6020,32644,326,44
6021,32648,326,48
6022,32652,326,52
6023,32656,326,56
6024,32660,326,60
6025,32664,326,64
6026,32668,326,68
6027,32672,326,72
6028,32676,326,76
6029,32680,326,80
6030,32684,326,84
6031,32688,326,88
6032,32692,326,92
6033,32696,326,96
6034,32700,327,0
6035,32704,327,4
6036,32708,327,8
6037,32712,327,12
6038,32716,327,16
6039,32720,327,20
6040,32724,327,24
6041,32728,327,28
6042,32732,327,32
6043,32736,327,36
6044,32740,327,40
6045,32744,327,44
6046,32748,327,48
6047,32752,327,52
6048,32756,327,56
6049,32760,327,60
6050,32764,327,64
6051,32768,327,68
6052,32772,327,72
6053,32776,327,76
6054,32780,327,80
6055,32784,327,84
6056,32788,327,88
6057,32792,327,92
6058,32796,327,96
6059,32800,328,0
6060,32804,328,4
6061,32808,328,8
6062,32812,328,12
6063,32816,328,16
6064,32820,328,20
6065,32824,328,24
6066,32828,328,28
6067,32832,328,32
6068,32836,328,36
6069,32840,328,40
6070,32844,328,44
6071,32848,328,48
6072,32852,328,52
6073,32856,328,56
6074,32860,328,60
6075,32864,328,64
6076,32868,328,68
6077,32872,328,72
6078,32876,328,76
6079,32880,328,80
6080,32884,328,84
6081,32888,328,88
6082,32892,328,92
6083,32896,328,96
6084,32900,329,0
6085,32904,329,4
6086,32908,329,8
6087,32912,329,12
6088,32916,329,16
6089,32920,329,20
6090,32924,329,24
6091,32928,329,28
6092,32932,329,32
6093,32936,329,36
6094,32940,329,40
6095,32944,329,44
6096,32948,329,48
6097,32952,329,52
6098,32956,329,56
6099,32960,329,60
6100,32964,329,64
6101,32968,329,68
6102,32972,329,72
6103,32976,329,76
6104,32980,329,80
6105,32984,329,84
6106,32988,329,88
6107,32992,329,92
6108,32996,329,96
6109,33000,330,0
6110,33004,330,4
6111,33008,330,8
6112,33012,330,12
6113,33016,330,16
6114,33020,330,20
6115,33024,330,24
6116,33028,330,28
6117,33032,330,32
6118,33036,330,36
6119,33040,330,40
6120,33044,330,44
6121,33048,330,48
6122,33052,330,52
6123,33056,330,56
6124,33060,330,60
6125,33064,330,64
6126,33068,330,68
6127,33072,330,72
6128,33076,330,76
6129,33080,330,80
6130,33084,330,84
6131,33088,330,88
6132,33092,330,92
6133,33096,330,96
6134,33100,331,0
6135,33104,331,4
6136,33108,331,8
6137,33112,331,12
6138,33116,331,16
6139,33120,331,20
6140,33124,331,24
6141,33128,331,28
6142,33132,331,32
6143,33136,331,36
6144,33140,331,40
6145,33144,331,44
6146,33148,331,48
6147,33152,331,52
6148,33156,331,56
6149,33160,331,60
6150,33164,331,64
6151,33168,331,68
6152,33172,331,72
6153,33176,331,76
6154,33180,331,80
6155,33184,331,84
6156,33188,331,88
6157,33192,331,92
6158,33196,331,96
6159,33200,332,0
6160,33204,332,4
6161,33208,332,8
6162,33212,332,12
6163,33216,332,16
6164,33220,332,20
6165,33224,332,24
6166,33228,332,28
6167,33232,332,32
6168,33236,332,36
6169,33240,332,40
6170,33244,332,44
6171,33248,332,48
6172,33252,332,52
6173,33256,332,56
6174,33260,332,60
6175,33264,332,64
6176,33268,332,68
6177,33272,332,72
6178,33276,332,76
6179,33280,332,80
6180,33284,332,84
6181,33288,332,88
6182,33292,332,92
6183,33296,332,96
6184,33300,333,0
6185,33304,333,4
6186,33308,333,8
6187,33312,333,12
6188,33316,333,16
6189,33320,333,20
6190,33324,333,24
6191,33328,333,28
6192,33332,333,32
6193,33336,333,36
6194,33340,333,40
6195,33344,333,44
6196,33348,333,48
6197,33352,333,52
6198,33356,333,56
6199,33360,333,60
6200,33364,333,64
6201,33368,333,68
6202,33372,333,72
6203,33376,333,76
6204,33380,333,80
6205,33384,333,84
6206,33388,333,88
6207,33392,333,92
6208,33396,333,96
6209,33400,334,0
6210,33404,334,4
6211,33408,334,8
6212,33412,334,12
6213,33416,334,16
6214,33420,334,20
6215,33424,334,24
6216,33428,334,28
6217,33432,334,32
6218,33436,334,36
6219,33440,334,40
6220,33444,334,44
6221,33448,334,48
6222,33452,334,52
6223,33456,334,56
6224,33460,334,60
6225,33464,334,64
6226,33468,334,68
6227,33472,334,72
6228,33476,334,76
6229,33480,334,80
6230,33484,334,84
6231,33488,334,88
6232,33492,334,92
6233,33496,334,96
6234,33500,335,0
6235,33504,335,4
6236,33508,335,8
6237,33512,335,12
6238,33516,335,16
6239,33520,335,20
6240,33524,335,24
6241,33528,335,28
6242,33532,335,32
6243,33536,335,36
6244,33540,335,40
6245,33544,335,44
6246,33548,335,48
6247,33552,335,52
6248,33556,335,56
6249,33560,335,60
6250,33564,335,64
6251,33568,335,68
6252,33572,335,72
6253,33576,335,76
6254,33580,335,80
6255,33584,335,84
6256,33588,335,88
6257,33592,335,92
6258,33596,335,96
6259,33600,336,0
6260,33604,336,4
6261,33608,336,8
6262,33612,336,12
6263,33616,336,16
6264,33620,336,20
6265,33624,336,24
6266,33628,336,28
6267,33632,336,32
6268,33636,336,36
6269,33640,336,40
6270,33644,336,44
6271,33648,336,48
6272,33652,336,52
6273,33656,336,56
6274,33660,336,60
6275,33664,336,64
6276,33668,336,68
6277,33672,336,72
6278,33676,336,76
6279,33680,336,80
6280,33684,336,84
6281,33688,336,88
6282,33692,336,92
6283,33696,336,96
6284,33700,337,0
6285,33704,337,4
6286,33708,337,8
6287,33712,337,12
6288,33716,337,16
6289,33720,337,20
6290,33724,337,24
6291,33728,337,28
6292,33732,337,32
6293,33736,337,36
6294,33740,337,40
6295,33744,337,44
6296,33748,337,48
6297,33752,337,52
6298,33756,337,56
6299,33760,337,60
6300,33764,337,64
6301,33768,337,68
6302,33772,337,72
6303,33776,337,76
6304,33780,337,80
6305,33784,337,84
6306,33788,337,88
6307,33792,337,92
6308,33796,337,96
6309,33800,338,0
6310,33804,338,4
6311,33808,338,8
6312,33812,338,12
6313,33816,338,16
6314,33820,338,20
6315,33824,338,24
6316,33828,338,28
6317,33832,338,32
6318,33836,338,36
6319,33840,338,40
6320,33844,338,44
6321,33848,338,48
6322,33852,338,52
6323,33856,338,56
6324,33860,338,60
6325,33864,338,64
6326,33868,338,68
6327,33872,338,72
6328,33876,338,76
6329,33880,338,80
6330,33884,338,84
6331,33888,338,88
6332,33892,338,92
6333,33896,338,96
6334,33900,339,0
6335,33904,339,4
6336,33908,339,8
6337,33912,339,12
6338,33916,339,16
6339,33920,339,20
6340,33924,339,24
6341,33928,339,28
6342,33932,339,32
6343,33936,339,36
6344,33940,339,40
6345,33944,339,44
6346,33948,339,48
6347,33952,339,52
6348,33956,339,56
6349,33960,339,60
6350,33964,339,64
6351,33968,339,68
6352,33972,339,72
6353,33976,339,76
6354,33980,339,80
6355,33984,339,84
6356,33988,339,88
6357,33992,339,92
6358,33996,339,96
6359,34000,340,0
6360,34004,340,4
6361,34008,340,8
6362,34012,340,12
6363,34016,340,16
6364,34020,340,20
6365,34024,340,24
6366,34028,340,28
6367,34032,340,32
6368,34036,340,36
6369,34040,340,40
6370,34044,340,44
6371,34048,340,48
6372,34052,340,52
6373,34056,340,56
6374,34060,340,60
6375,34064,340,64
6376,34068,340,68
6377,34072,340,72
6378,34076,340,76
6379,34080,340,80
6380,34084,340,84
6381,34088,340,88
6382,34092,340,92
6383,34096,340,96
6384,34100,341,0
6385,34104,341,4
6386,34108,341,8
6387,34112,341,12
6388,34116,341,16
6389,34120,341,20
6390,34124,341,24
6391,34128,341,28
6392,34132,341,32
6393,34136,341,36
6394,34140,341,40
6395,34144,341,44
6396,34148,341,48
6397,34152,341,52
6398,34156,341,56
6399,34160,341,60
6400,34164,341,64
6401,34168,341,68
6402,34172,341,72
6403,34176,341,76
6404,34180,341,80
6405,34184,341,84
6406,34188,341,88
6407,34192,341,92
6408,34196,341,96
6409,34200,342,0
6410,34204,342,4
6411,34208,342,8
6412,34212,342,12
6413,34216,342,16
6414,34220,342,20
6415,34224,342,24
6416,34228,342,28
6417,34232,342,32
6418,34236,342,36
6419,34240,342,40
6420,34244,342,44
6421,34248,342,48
6422,34252,342,52
6423,34256,342,56
6424,34260,342,60
6425,34264,342,64
6426,34268,342,68
6427,34272,342,72
6428,34276,342,76
6429,34280,342,80
6430,34284,342,84
6431,34288,342,88
6432,34292,342,92
6433,34296,342,96
6434,34300,343,0
6435,34304,343,4
6436,34308,343,8
6437,34312,343,12
6438,34316,343,16
6439,34320,343,20
6440,34324,343,24
6441,34328,343,28
6442,34332,343,32
6443,34336,343,36
6444,34340,343,40
6445,34344,343,44
6446,34348,343,48
6447,34352,343,52
6448,34356,343,56
6449,34360,343,60
6450,34364,343,64
6451,34368,343,68
6452,34372,343,72
6453,34376,343,76
6454,34380,343,80
6455,34384,343,84
6456,34388,343,88
6457,34392,343,92
6458,34396,343,96
6459,34400,344,0
6460,34404,344,4
6461,34408,344,8
6462,34412,344,12
6463,34416,344,16
6464,34420,344,20
6465,34424,344,24
6466,34428,344,28
6467,34432,344,32
6468,34436,344,36
6469,34440,344,40
6470,34444,344,44
6471,34448,344,48
6472,34452,344,52
6473,34456,344,56
6474,34460,344,60
6475,34464,344,64
6476,34468,344,68
6477,34472,344,72
6478,34476,344,76
6479,34480,344,80
6480,34484,344,84
6481,34488,344,88
6482,34492,344,92
6483,34496,344,96
6484,34500,345,0
6485,34504,345,4
6486,34508,345,8
6487,34512,345,12
6488,34516,345,16
6489,34520,345,20
6490,34524,345,24
6491,34528,345,28
6492,34532,345,32
6493,34536,345,36
6494,34540,345,40
6495,34544,345,44
6496,34548,345,48
6497,34552,345,52
6498,34556,345,56
6499,34560,345,60
6500,34564,345,64
6501,34568,345,68
6502,34572,345,72
6503,34576,345,76
6504,34580,345,80
6505,34584,345,84
6506,34588,345,88
6507,34592,345,92
6508,34596,345,96
6509,34600,346,0
6510,34604,346,4
6511,34608,346,8
6512,34612,346,12
6513,34616,346,16
6514,34620,346,20
6515,34624,346,24
6516,34628,346,28
6517,34632,346,32
6518,34636,346,36
6519,34640,346,40
6520,34644,346,44
6521,34648,346,48
6522,34652,346,52
6523,34656,346,56
6524,34660,346,60
6525,34664,346,64
6526,34668,346,68
6527,34672,346,72
6528,34676,346,76
6529,34680,346,80
6530,34684,346,84
6531,34688,346,88
6532,34692,346,92
6533,34696,346,96
6534,34700,347,0
6535,34704,347,4
6536,34708,347,8
6537,34712,347,12
6538,34716,347,16
6539,34720,347,20
6540,34724,347,24
6541,34728,347,28
6542,34732,347,32
6543,34736,347,36
6544,34740,347,40
6545,34744,347,44
6546,34748,347,48
6547,34752,347,52
6548,34756,347,56
6549,34760,347,60
6550,34764,347,64
6551,34768,347,68
6552,34772,347,72
6553,34776,347,76
6554,34780,347,80
6555,34784,347,84
6556,34788,347,88
6557,34792,347,92
6558,34796,347,96
6559,34800,348,0
6560,34804,348,4
6561,34808,348,8
6562,34812,348,12
6563,34816,348,16
6564,34820,348,20
6565,34824,348,24
6566,34828,348,28
6567,34832,348,32
6568,34836,348,36
6569,34840,348,40
6570,34844,348,44
6571,34848,348,48
6572,34852,348,52
6573,34856,348,56
6574,34860,348,60
6575,34864,348,64
6576,34868,348,68
6577,34872,348,72
6578,34876,348,76
6579,34880,348,80
6580,34884,348,84
6581,34888,348,88
6582,34892,348,92
6583,34896,348,96
6584,34900,349,0
6585,34904,349,4
6586,34908,349,8
6587,34912,349,12
6588,34916,349,16
6589,34920,349,20
6590,34924,349,24
6591,34928,349,28
6592,34932,349,32
6593,34936,349,36
6594,34940,349,40
6595,34944,349,44
6596,34948,349,48
6597,34952,349,52
6598,34956,349,56
6599,34960,349,60
6600,34964,349,64
6601,34968,349,68
6602,34972,349,72
6603,34976,349,76
6604,34980,349,80
6605,34984,349,84
6606,34988,349,88
6607,34992,349,92
6608,34996,349,96
6609,35000,350,0
6610,35004,350,4
6611,35008,350,8
6612,35012,350,12
6613,35016,350,16
6614,35020,350,20
6615,35024,350,24
6616,35028,350,28
6617,35032,350,32
6618,35036,350,36
6619,35040,350,40
6620,35044,350,44
6621,35048,350,48
6622,35052,350,52
6623,35056,350,56
6624,35060,350,60
6625,35064,350,64
6626,35068,350,68
6627,35072,350,72
6628,35076,350,76
6629,35080,350,80
6630,35084,350,84
6631,35088,350,88
6632,35092,350,92
6633,35096,350,96
6634,35100,351,0
6635,35104,351,4
6636,35108,351,8
6637,35112,351,12
6638,35116,351,16
6639,35120,351,20
6640,35124,351,24
6641,35128,351,28
6642,35132,351,32
6643,35136,351,36
6644,35140,351,40
6645,35144,351,44
6646,35148,351,48
6647,35152,351,52
6648,35156,351,56
6649,35160,351,60
6650,35164,351,64
6651,35168,351,68
6652,35172,351,72
6653,35176,351,76
6654,35180,351,80
6655,35184,351,84
6656,35188,351,88
6657,35192,351,92
6658,35196,351,96
6659,35200,352,0
6660,35204,352,4
6661,35208,352,8
6662,35212,352,12
6663,35216,352,16
6664,35220,352,20
6665,35224,352,24
6666,35228,352,28
6667,35232,352,32
6668,35236,352,36
6669,35240,352,40
6670,35244,352,44
6671,35248,352,48
6672,35252,352,52
6673,35256,352,56
6674,35260,352,60
6675,35264,352,64
6676,35268,352,68
6677,35272,352,72
6678,35276,352,76
6679,35280,352,80
6680,35284,352,84
6681,35288,352,88
6682,35292,352,92
6683,35296,352,96
6684,35300,353,0
6685,35304,353,4
6686,35308,353,8
6687,35312,353,12
6688,35316,353,16
6689,35320,353,20
6690,35324,353,24
6691,35328,353,28
6692,35332,353,32
6693,35336,353,36
6694,35340,353,40
6695,35344,353,44
6696,35348,353,48
6697,35352,353,52
6698,35356,353,56
6699,35360,353,60
6700,35364,353,64
6701,35368,353,68
6702,35372,353,72
6703,35376,353,76
6704,35380,353,80
6705,35384,353,84
6706,35388,353,88
6707,35392,353,92
6708,35396,353,96
6709,35400,354,0
6710,35404,354,4
6711,35408,354,8
6712,35412,354,12
6713,35416,354,16
6714,35420,354,20
6715,35424,354,24
6716,35428,354,28
6717,35432,354,32
6718,35436,354,36
6719,35440,354,40
6720,35444,354,44
6721,35448,354,48
6722,35452,354,52
6723,35456,354,56
6724,35460,354,60
6725,35464,354,64
6726,35468,354,68
6727,35472,354,72
6728,35476,354,76
6729,35480,354,80
6730,35484,354,84
6731,35488,354,88
6732,35492,354,92
6733,35496,354,96
6734,35500,355,0
6735,35504,355,4
6736,35508,355,8
6737,35512,355,12
6738,35516,355,16
6739,35520,355,20
6740,35524,355,24
6741,35528,355,28
6742,35532,355,32
6743,35536,355,36
6744,35540,355,40
6745,35544,355,44
6746,35548,355,48
6747,35552,355,52
6748,35556,355,56
6749,35560,355,60
6750,35564,355,64
6751,35568,355,68
6752,35572,355,72
6753,35576,355,76
6754,35580,355,80
6755,35584,355,84
6756,35588,355,88
6757,35592,355,92
6758,35596,355,96
6759,35600,356,0
6760,35604,356,4
6761,35608,356,8
6762,35612,356,12
6763,35616,356,16
6764,35620,356,20
6765,35624,356,24
6766,35628,356,28
6767,35632,356,32
6768,35636,356,36
6769,35640,356,40
6770,35644,356,44
6771,35648,356,48
6772,35652,356,52
6773,35656,356,56
6774,35660,356,60
6775,35664,356,64
6776,35668,356,68
6777,35672,356,72
6778,35676,356,76
6779,35680,356,80
6780,35684,356,84
6781,35688,356,88
6782,35692,356,92
6783,35696,356,96
6784,35700,357,0
6785,35704,357,4
6786,35708,357,8
6787,35712,357,12
6788,35716,357,16
6789,35720,357,20
6790,35724,357,24
6791,35728,357,28
6792,35732,357,32
6793,35736,357,36
6794,35740,357,40
6795,35744,357,44
6796,35748,357,48
6797,35752,357,52
6798,35756,357,56
6799,35760,357,60
6800,35764,357,64
6801,35768,357,68
6802,35772,357,72
6803,35776,357,76
6804,35780,357,80
6805,35784,357,84
6806,35788,357,88
6807,35792,357,92
6808,35796,357,96
6809,35800,358,0
6810,35804,358,4
6811,35808,358,8
6812,35812,358,12
6813,35816,358,16
6814,35820,358,20
6815,35824,358,24
6816,35828,358,28
6817,35832,358,32
6818,35836,358,36
6819,35840,358,40
6820,35844,358,44
6821,35848,358,48
6822,35852,358,52
6823,35856,358,56
6824,35860,358,60
6825,35864,358,64
6826,35868,358,68
6827,35872,358,72
6828,35876,358,76
6829,35880,358,80
6830,35884,358,84
6831,35888,358,88
6832,35892,358,92
6833,35896,358,96
6834,35900,359,0
6835,35904,359,4
6836,35908,359,8
6837,35912,359,12
6838,35916,359,16
6839,35920,359,20
6840,35924,359,24
6841,35928,359,28
6842,35932,359,32
6843,35936,359,36
6844,35940,359,40
6845,35944,359,44
6846,35948,359,48
6847,35952,359,52
6848,35956,359,56
6849,35960,359,60
6850,35964,359,64
6851,35968,359,68
6852,35972,359,72
6853,35976,359,76
6854,35980,359,80
6855,35984,359,84
6856,35988,359,88
6857,35992,359,92
6858,35996,359,96
6859,36000,360,0
6860,36004,360,4
6861,36008,360,8
6862,36012,360,12
6863,36016,360,16
6864,36020,360,20
6865,36024,360,24
6866,36028,360,28
6867,36032,360,32
6868,36036,360,36
6869,36040,360,40
6870,36044,360,44
6871,36048,360,48
6872,36052,360,52
6873,36056,360,56
6874,36060,360,60
6875,36064,360,64
6876,36068,360,68
6877,36072,360,72
6878,36076,360,76
6879,36080,360,80
6880,36084,360,84
6881,36088,360,88
6882,36092,360,92
6883,36096,360,96
6884,36100,361,0
6885,36104,361,4
6886,36108,361,8
6887,36112,361,12
6888,36116,361,16
6889,36120,361,20
6890,36124,361,24
6891,36128,361,28
6892,36132,361,32
6893,36136,361,36
6894,36140,361,40
6895,36144,361,44
6896,36148,361,48
6897,36152,361,52
6898,36156,361,56
6899,36160,361,60
6900,36164,361,64
6901,36168,361,68
6902,36172,361,72
6903,36176,361,76
6904,36180,361,80
6905,36184,361,84
6906,36188,361,88
6907,36192,361,92
6908,36196,361,96
6909,36200,362,0
6910,36204,362,4
6911,36208,362,8
6912,36212,362,12
6913,36216,362,16
6914,36220,362,20
6915,36224,362,24
6916,36228,362,28
6917,36232,362,32
6918,36236,362,36
6919,36240,362,40
6920,36244,362,44
6921,36248,362,48
6922,36252,362,52
6923,36256,362,56
6924,36260,362,60
6925,36264,362,64
6926,36268,362,68
6927,36272,362,72
6928,36276,362,76
6929,36280,362,80
6930,36284,362,84
6931,36288,362,88
6932,36292,362,92
6933,36296,362,96
6934,36300,363,0
6935,36304,363,4
6936,36308,363,8
6937,36312,363,12
6938,36316,363,16
6939,36320,363,20
6940,36324,363,24
6941,36328,363,28
6942,36332,363,32
6943,36336,363,36
6944,36340,363,40
6945,36344,363,44
6946,36348,363,48
6947,36352,363,52
6948,36356,363,56
6949,36360,363,60
6950,36364,363,64
6951,36368,363,68
6952,36372,363,72
6953,36376,363,76
6954,36380,363,80
6955,36384,363,84
6956,36388,363,88
6957,36392,363,92
6958,36396,363,96
6959,36400,364,0
6960,36404,364,4
6961,36408,364,8
6962,36412,364,12
6963,36416,364,16
6964,36420,364,20
6965,36424,364,24
6966,36428,364,28
6967,36432,364,32
6968,36436,364,36
6969,36440,364,40
6970,36444,364,44
6971,36448,364,48
6972,36452,364,52
6973,36456,364,56
6974,36460,364,60
6975,36464,364,64
6976,36468,364,68
6977,36472,364,72
6978,36476,364,76
6979,36480,364,80
6980,36484,364,84
6981,36488,364,88
6982,36492,364,92
6983,36496,364,96
6984,36500,365,0
6985,36504,365,4
6986,36508,365,8
6987,36512,365,12
6988,36516,365,16
6989,36520,365,20
6990,36524,365,24
6991,36528,365,28
6992,36532,365,32
6993,36536,365,36
6994,36540,365,40
6995,36544,365,44
6996,36548,365,48
6997,36552,365,52
6998,36556,365,56
6999,36560,365,60
7000,36564,365,64
7001,36568,365,68
7002,36572,365,72
7003,36576,365,76
7004,36580,365,80
7005,36584,365,84
7006,36588,365,88
7007,36592,365,92
7008,36596,365,96
7009,36600,366,0
7010,36604,366,4
7011,36608,366,8
7012,36612,366,12
7013,36616,366,16
7014,36620,366,20
7015,36624,366,24
7016,36628,366,28
7017,36632,366,32
7018,36636,366,36
7019,36640,366,40
7020,36644,366,44
7021,36648,366,48
7022,36652,366,52
7023,36656,366,56
7024,36660,366,60
7025,36664,366,64
7026,36668,366,68
7027,36672,366,72
7028,36676,366,76
7029,36680,366,80
7030,36684,366,84
7031,36688,366,88
7032,36692,366,92
7033,36696,366,96
7034,36700,367,0
7035,36704,367,4
7036,36708,367,8
7037,36712,367,12
7038,36716,367,16
7039,36720,367,20
7040,36724,367,24
7041,36728,367,28
7042,36732,367,32
7043,36736,367,36
7044,36740,367,40
7045,36744,367,44
7046,36748,367,48
7047,36752,367,52
7048,36756,367,56
7049,36760,367,60
7050,36764,367,64
7051,36768,367,68
7052,36772,367,72
7053,36776,367,76
7054,36780,367,80
7055,36784,367,84
7056,36788,367,88
7057,36792,367,92
7058,36796,367,96
7059,36800,368,0
7060,36804,368,4
7061,36808,368,8
7062,36812,368,12
7063,36816,368,16
7064,36820,368,20
7065,36824,368,24
7066,36828,368,28
7067,36832,368,32
7068,36836,368,36
7069,36840,368,40
7070,36844,368,44
7071,36848,368,48
7072,36852,368,52
7073,36856,368,56
7074,36860,368,60
7075,36864,368,64
7076,36868,368,68
7077,36872,368,72
7078,36876,368,76
7079,36880,368,80
7080,36884,368,84
7081,36888,368,88
7082,36892,368,92
7083,36896,368,96
7084,36900,369,0
7085,36904,369,4
7086,36908,369,8
7087,36912,369,12
7088,36916,369,16
7089,36920,369,20
7090,36924,369,24
7091,36928,369,28
7092,36932,369,32
7093,36936,369,36
7094,36940,369,40
7095,36944,369,44
7096,36948,369,48
7097,36952,369,52
7098,36956,369,56
7099,36960,369,60
7100,36964,369,64
7101,36968,369,68
7102,36972,369,72
7103,36976,369,76
7104,36980,369,80
7105,36984,369,84
7106,36988,369,88
7107,36992,369,92
7108,36996,369,96
7109,37000,370,0
7110,37004,370,4
7111,37008,370,8
7112,37012,370,12
7113,37016,370,16
7114,37020,370,20
7115,37024,370,24
7116,37028,370,28
7117,37032,370,32
7118,37036,370,36
7119,37040,370,40
7120,37044,370,44
7121,37048,370,48
7122,37052,370,52
7123,37056,370,56
7124,37060,370,60
7125,37064,370,64
7126,37068,370,68
7127,37072,370,72
7128,37076,370,76
7129,37080,370,80
7130,37084,370,84
7131,37088,370,88
7132,37092,370,92
7133,37096,370,96
7134,37100,371,0
7135,37104,371,4
7136,37108,371,8
7137,37112,371,12
7138,37116,371,16
7139,37120,371,20
7140,37124,371,24
7141,37128,371,28
7142,37132,371,32
7143,37136,371,36
7144,37140,371,40
7145,37144,371,44
7146,37148,371,48
7147,37152,371,52
7148,37156,371,56
7149,37160,371,60
7150,37164,371,64
7151,37168,371,68
7152,37172,371,72
7153,37176,371,76
7154,37180,371,80
7155,37184,371,84
7156,37188,371,88
7157,37192,371,92
7158,37196,371,96
7159,37200,372,0
7160,37204,372,4
7161,37208,372,8
7162,37212,372,12
7163,37216,372,16
7164,37220,372,20
7165,37224,372,24
7166,37228,372,28
7167,37232,372,32
7168,37236,372,36
7169,37240,372,40
7170,37244,372,44
7171,37248,372,48
7172,37252,372,52
7173,37256,372,56
7174,37260,372,60
7175,37264,372,64
7176,37268,372,68
7177,37272,372,72
7178,37276,372,76
7179,37280,372,80
7180,37284,372,84
7181,37288,372,88
7182,37292,372,92
7183,37296,372,96
7184,37300,373,0
7185,37304,373,4
7186,37308,373,8
7187,37312,373,12
7188,37316,373,16
7189,37320,373,20
7190,37324,373,24
7191,37328,373,28
7192,37332,373,32
7193,37336,373,36
7194,37340,373,40
7195,37344,373,44
7196,37348,373,48
7197,37352,373,52
7198,37356,373,56
7199,37360,373,60
7200,37364,373,64
7201,37368,373,68
7202,37372,373,72
7203,37376,373,76
7204,37380,373,80
7205,37384,373,84
7206,37388,373,88
7207,37392,373,92
7208,37396,373,96
7209,37400,374,0
7210,37404,374,4
7211,37408,374,8
7212,37412,374,12
7213,37416,374,16
7214,37420,374,20
7215,37424,374,24
7216,37428,374,28
7217,37432,374,32
7218,37436,374,36
7219,37440,374,40
7220,37444,374,44
7221,37448,374,48
7222,37452,374,52
7223,37456,374,56
7224,37460,374,60
7225,37464,374,64
7226,37468,374,68
7227,37472,374,72
7228,37476,374,76
7229,37480,374,80
7230,37484,374,84
7231,37488,374,88
7232,37492,374,92
7233,37496,374,96
7234,37500,375,0
7235,37504,375,4
7236,37508,375,8
7237,37512,375,12
7238,37516,375,16
7239,37520,375,20
7240,37524,375,24
7241,37528,375,28
7242,37532,375,32
7243,37536,375,36
7244,37540,375,40
7245,37544,375,44
7246,37548,375,48
7247,37552,375,52
7248,37556,375,56
7249,37560,375,60
7250,37564,375,64
7251,37568,375,68
7252,37572,375,72
7253,37576,375,76
7254,37580,375,80
7255,37584,375,84
7256,37588,375,88
7257,37592,375,92
7258,37596,375,96
7259,37600,376,0
7260,37604,376,4
7261,37608,376,8
7262,37612,376,12
7263,37616,376,16
7264,37620,376,20
7265,37624,376,24
7266,37628,376,28
7267,37632,376,32
7268,37636,376,36
7269,37640,376,40
7270,37644,376,44
7271,37648,376,48
7272,37652,376,52
7273,37656,376,56
7274,37660,376,60
7275,37664,376,64
7276,37668,376,68
7277,37672,376,72
7278,37676,376,76
7279,37680,376,80
7280,37684,376,84
7281,37688,376,88
7282,37692,376,92
7283,37696,376,96
7284,37700,377,0
7285,37704,377,4
7286,37708,377,8
7287,37712,377,12
7288,37716,377,16
7289,37720,377,20
7290,37724,377,24
7291,37728,377,28
7292,37732,377,32
7293,37736,377,36
7294,37740,377,40
7295,37744,377,44
7296,37748,377,48
7297,37752,377,52
7298,37756,377,56
7299,37760,377,60
7300,37764,377,64
7301,37768,377,68
7302,37772,377,72
7303,37776,377,76
7304,37780,377,80
7305,37784,377,84
7306,37788,377,88
7307,37792,377,92
7308,37796,377,96
7309,37800,378,0
7310,37804,378,4
7311,37808,378,8
7312,37812,378,12
7313,37816,378,16
7314,37820,378,20
7315,37824,378,24
7316,37828,378,28
7317,37832,378,32
7318,37836,378,36
7319,37840,378,40
7320,37844,378,44
7321,37848,378,48
7322,37852,378,52
7323,37856,378,56
7324,37860,378,60
7325,37864,378,64
7326,37868,378,68
7327,37872,378,72
7328,37876,378,76
7329,37880,378,80
7330,37884,378,84
7331,37888,378,88
7332,37892,378,92
7333,37896,378,96
7334,37900,379,0
7335,37904,379,4
7336,37908,379,8
7337,37912,379,12
7338,37916,379,16
7339,37920,379,20
7340,37924,379,24
7341,37928,379,28
7342,37932,379,32
7343,37936,379,36
7344,37940,379,40
7345,37944,379,44
7346,37948,379,48
7347,37952,379,52
7348,37956,379,56
7349,37960,379,60
7350,37964,379,64
7351,37968,379,68
7352,37972,379,72
7353,37976,379,76
7354,37980,379,80
7355,37984,379,84
7356,37988,379,88
7357,37992,379,92
7358,37996,379,96
7359,38000,380,0
7360,38004,380,4
7361,38008,380,8
7362,38012,380,12
7363,38016,380,16
7364,38020,380,20
7365,38024,380,24
7366,38028,380,28
7367,38032,380,32
7368,38036,380,36
7369,38040,380,40
7370,38044,380,44
7371,38048,380,48
7372,38052,380,52
7373,38056,380,56
7374,38060,380,60
7375,38064,380,64
7376,38068,380,68
7377,38072,380,72
7378,38076,380,76
7379,38080,380,80
7380,38084,380,84
7381,38088,380,88
7382,38092,380,92
7383,38096,380,96
7384,38100,381,0
7385,38104,381,4
7386,38108,381,8
7387,38112,381,12
7388,38116,381,16
7389,38120,381,20
7390,38124,381,24
7391,38128,381,28
7392,38132,381,32
7393,38136,381,36
7394,38140,381,40
7395,38144,381,44
7396,38148,381,48
7397,38152,381,52
7398,38156,381,56
7399,38160,381,60
7400,38164,381,64
7401,38168,381,68
7402,38172,381,72
7403,38176,381,76
7404,38180,381,80
7405,38184,381,84
7406,38188,381,88
7407,38192,381,92
7408,38196,381,96
7409,38200,382,0
7410,38204,382,4
7411,38208,382,8
7412,38212,382,12
7413,38216,382,16
7414,38220,382,20
7415,38224,382,24
7416,38228,382,28
7417,38232,382,32
7418,38236,382,36
7419,38240,382,40
7420,38244,382,44
7421,38248,382,48
7422,38252,382,52
7423,38256,382,56
7424,38260,382,60
7425,38264,382,64
7426,38268,382,68
7427,38272,382,72
7428,38276,382,76
7429,38280,382,80
7430,38284,382,84
7431,38288,382,88
7432,38292,382,92
7433,38296,382,96
7434,38300,383,0
7435,38304,383,4
7436,38308,383,8
7437,38312,383,12
7438,38316,383,16
7439,38320,383,20
7440,38324,383,24
7441,38328,383,28
7442,38332,383,32
7443,38336,383,36
7444,38340,383,40
7445,38344,383,44
7446,38348,383,48
7447,38352,383,52
7448,38356,383,56
7449,38360,383,60
7450,38364,383,64
7451,38368,383,68
7452,38372,383,72
7453,38376,383,76
7454,38380,383,80
7455,38384,383,84
7456,38388,383,88
7457,38392,383,92
7458,38396,383,96
7459,38400,384,0
7460,38404,384,4
7461,38408,384,8
7462,38412,384,12
7463,38416,384,16
7464,38420,384,20
7465,38424,384,24
7466,38428,384,28
7467,38432,384,32
7468,38436,384,36
7469,38440,384,40
7470,38444,384,44
7471,38448,384,48
7472,38452,384,52
7473,38456,384,56
7474,38460,384,60
7475,38464,384,64
7476,38468,384,68
7477,38472,384,72
7478,38476,384,76
7479,38480,384,80
7480,38484,384,84
7481,38488,384,88
7482,38492,384,92
7483,38496,384,96
7484,38500,385,0
7485,38504,385,4
7486,38508,385,8
7487,38512,385,12
7488,38516,385,16
7489,38520,385,20
7490,38524,385,24
7491,38528,385,28
7492,38532,385,32
7493,38536,385,36
7494,38540,385,40
7495,38544,385,44
7496,38548,385,48
7497,38552,385,52
7498,38556,385,56
7499,38560,385,60
7500,38564,385,64
7501,38568,385,68
7502,38572,385,72
7503,38576,385,76
7504,38580,385,80
7505,38584,385,84
7506,38588,385,88
7507,38592,385,92
7508,38596,385,96
7509,38600,386,0
7510,38604,386,4
7511,38608,386,8
7512,38612,386,12
7513,38616,386,16
7514,38620,386,20
7515,38624,386,24
7516,38628,386,28
7517,38632,386,32
7518,38636,386,36
7519,38640,386,40
7520,38644,386,44
7521,38648,386,48
7522,38652,386,52
7523,38656,386,56
7524,38660,386,60
7525,38664,386,64
7526,38668,386,68
7527,38672,386,72
7528,38676,386,76
7529,38680,386,80
7530,38684,386,84
7531,38688,386,88
7532,38692,386,92
7533,38696,386,96
7534,38700,387,0
7535,38704,387,4
7536,38708,387,8
7537,38712,387,12
7538,38716,387,16
7539,38720,387,20
7540,38724,387,24
7541,38728,387,28
7542,38732,387,32
7543,38736,387,36
7544,38740,387,40
7545,38744,387,44
7546,38748,387,48
7547,38752,387,52
7548,38756,387,56
7549,38760,387,60
7550,38764,387,64
7551,38768,387,68
7552,38772,387,72
7553,38776,387,76
7554,38780,387,80
7555,38784,387,84
7556,38788,387,88
7557,38792,387,92
7558,38796,387,96
7559,38800,388,0
7560,38804,388,4
7561,38808,388,8
7562,38812,388,12
7563,38816,388,16
7564,38820,388,20
7565,38824,388,24
7566,38828,388,28
7567,38832,388,32
7568,38836,388,36
7569,38840,388,40
7570,38844,388,44
7571,38848,388,48
7572,38852,388,52
7573,38856,388,56
7574,38860,388,60
7575,38864,388,64
7576,38868,388,68
7577,38872,388,72
7578,38876,388,76
7579,38880,388,80
7580,38884,388,84
7581,38888,388,88
7582,38892,388,92
7583,38896,388,96
7584,38900,389,0
7585,38904,389,4
7586,38908,389,8
7587,38912,389,12
7588,38916,389,16
7589,38920,389,20
7590,38924,389,24
7591,38928,389,28
7592,38932,389,32
7593,38936,389,36
7594,38940,389,40
7595,38944,389,44
7596,38948,389,48
7597,38952,389,52
7598,38956,389,56
7599,38960,389,60
7600,38964,389,64
7601,38968,389,68
7602,38972,389,72
7603,38976,389,76
7604,38980,389,80
7605,38984,389,84
7606,38988,389,88
7607,38992,389,92
7608,38996,389,96
7609,39000,390,0
7610,39004,390,4
7611,39008,390,8
7612,39012,390,12
7613,39016,390,16
7614,39020,390,20
7615,39024,390,24
7616,39028,390,28
7617,39032,390,32
7618,39036,390,36
7619,39040,390,40
7620,39044,390,44
7621,39048,390,48
7622,39052,390,52
7623,39056,390,56
7624,39060,390,60
7625,39064,390,64
7626,39068,390,68
7627,39072,390,72
7628,39076,390,76
7629,39080,390,80
7630,39084,390,84
7631,39088,390,88
7632,39092,390,92
7633,39096,390,96
7634,39100,391,0
7635,39104,391,4
7636,39108,391,8
7637,39112,391,12
7638,39116,391,16
7639,39120,391,20
7640,39124,391,24
7641,39128,391,28
7642,39132,391,32
7643,39136,391,36
7644,39140,391,40
7645,39144,391,44
7646,39148,391,48
7647,39152,391,52
7648,39156,391,56
7649,39160,391,60
7650,39164,391,64
7651,39168,391,68
7652,39172,391,72
7653,39176,391,76
7654,39180,391,80
7655,39184,391,84
7656,39188,391,88
7657,39192,391,92
7658,39196,391,96
7659,39200,392,0
7660,39204,392,4
7661,39208,392,8
7662,39212,392,12
7663,39216,392,16
7664,39220,392,20
7665,39224,392,24
7666,39228,392,28
7667,39232,392,32
7668,39236,392,36
7669,39240,392,40
7670,39244,392,44
7671,39248,392,48
7672,39252,392,52
7673,39256,392,56
7674,39260,392,60
7675,39264,392,64
7676,39268,392,68
7677,39272,392,72
7678,39276,392,76
7679,39280,392,80
7680,39284,392,84
7681,39288,392,88
7682,39292,392,92
7683,39296,392,96
7684,39300,393,0
7685,39304,393,4
7686,39308,393,8
7687,39312,393,12
7688,39316,393,16
7689,39320,393,20
7690,39324,393,24
7691,39328,393,28
7692,39332,393,32
7693,39336,393,36
7694,39340,393,40
7695,39344,393,44
7696,39348,393,48
7697,39352,393,52
7698,39356,393,56
7699,39360,393,60
7700,39364,393,64
7701,39368,393,68
7702,39372,393,72
7703,39376,393,76
7704,39380,393,80
7705,39384,393,84
7706,39388,393,88
7707,39392,393,92
7708,39396,393,96
7709,39400,394,0
7710,39404,394,4
7711,39408,394,8
7712,39412,394,12
7713,39416,394,16
7714,39420,394,20
7715,39424,394,24
7716,39428,394,28
7717,39432,394,32
7718,39436,394,36
7719,39440,394,40
7720,39444,394,44
7721,39448,394,48
7722,39452,394,52
7723,39456,394,56
7724,39460,394,60
7725,39464,394,64
7726,39468,394,68
7727,39472,394,72
7728,39476,394,76
7729,39480,394,80
7730,39484,394,84
7731,39488,394,88
7732,39492,394,92
7733,39496,394,96
7734,39500,395,0
7735,39504,395,4
7736,39508,395,8
7737,39512,395,12
7738,39516,395,16
7739,39520,395,20
7740,39524,395,24
7741,39528,395,28
7742,39532,395,32
7743,39536,395,36
7744,39540,395,40
7745,39544,395,44
7746,39548,395,48
7747,39552,395,52
7748,39556,395,56
7749,39560,395,60
7750,39564,395,64
7751,39568,395,68
7752,39572,395,72
7753,39576,395,76
7754,39580,395,80
7755,39584,395,84
7756,39588,395,88
7757,39592,395,92
7758,39596,395,96
7759,39600,396,0
7760,39604,396,4
7761,39608,396,8
7762,39612,396,12
7763,39616,396,16
7764,39620,396,20
7765,39624,396,24
7766,39628,396,28
7767,39632,396,32
7768,39636,396,36
7769,39640,396,40
7770,39644,396,44
7771,39648,396,48
7772,39652,396,52
7773,39656,396,56
7774,39660,396,60
7775,39664,396,64
7776,39668,396,68
7777,39672,396,72
7778,39676,396,76
7779,39680,396,80
7780,39684,396,84
7781,39688,396,88
7782,39692,396,92
7783,39696,396,96
7784,39700,397,0
7785,39704,397,4
7786,39708,397,8
7787,39712,397,12
7788,39716,397,16
7789,39720,397,20
7790,39724,397,24
7791,39728,397,28
7792,39732,397,32
7793,39736,397,36
7794,39740,397,40
7795,39744,397,44
7796,39748,397,48
7797,39752,397,52
7798,39756,397,56
7799,39760,397,60
7800,39764,397,64
7801,39768,397,68
7802,39772,397,72
7803,39776,397,76
7804,39780,397,80
7805,39784,397,84
7806,39788,397,88
7807,39792,397,92
7808,39796,397,96
7809,39800,398,0
7810,39804,398,4
7811,39808,398,8
7812,39812,398,12
7813,39816,398,16
7814,39820,398,20
7815,39824,398,24
7816,39828,398,28
7817,39832,398,32
7818,39836,398,36
7819,39840,398,40
7820,39844,398,44
7821,39848,398,48
7822,39852,398,52
7823,39856,398,56
7824,39860,398,60
7825,39864,398,64
7826,39868,398,68
7827,39872,398,72
7828,39876,398,76
7829,39880,398,80
7830,39884,398,84
7831,39888,398,88
7832,39892,398,92
7833,39896,398,96
7834,39900,399,0
7835,39904,399,4
7836,39908,399,8
7837,39912,399,12
7838,39916,399,16
7839,39920,399,20
7840,39924,399,24
7841,39928,399,28
7842,39932,399,32
7843,39936,399,36
7844,39940,399,40
7845,39944,399,44
7846,39948,399,48
7847,39952,399,52
7848,39956,399,56
7849,39960,399,60
7850,39964,399,64
7851,39968,399,68
7852,39972,399,72
7853,39976,399,76
7854,39980,399,80
7855,39984,399,84
7856,39988,399,88
7857,39992,399,92
7858,39996,399,96
7859,40000,400,0
7860,40004,400,4
7861,40008,400,8
7862,40012,400,12
7863,40016,400,16
7864,40020,400,20
7865,40024,400,24
7866,40028,400,28
7867,40032,400,32
7868,40036,400,36
7869,40040,400,40
7870,40044,400,44
7871,40048,400,48
7872,40052,400,52
7873,40056,400,56
7874,40060,400,60
7875,40064,400,64
7876,40068,400,68
7877,40072,400,72
7878,40076,400,76
7879,40080,400,80
7880,40084,400,84
7881,40088,400,88
7882,40092,400,92
7883,40096,400,96
7884,40100,401,0
7885,40104,401,4
7886,40108,401,8
7887,40112,401,12
7888,40116,401,16
7889,40120,401,20
7890,40124,401,24
7891,40128,401,28
7892,40132,401,32
7893,40136,401,36
7894,40140,401,40
7895,40144,401,44
7896,40148,401,48
7897,40152,401,52
7898,40156,401,56
7899,40160,401,60
7900,40164,401,64
7901,40168,401,68
7902,40172,401,72
7903,40176,401,76
7904,40180,401,80
7905,40184,401,84
7906,40188,401,88
7907,40192,401,92
7908,40196,401,96
7909,40200,402,0
7910,40204,402,4
7911,40208,402,8
7912,40212,402,12
7913,40216,402,16
7914,40220,402,20
7915,40224,402,24
7916,40228,402,28
7917,40232,402,32
7918,40236,402,36
7919,40240,402,40
7920,40244,402,44
7921,40248,402,48
7922,40252,402,52
7923,40256,402,56
7924,40260,402,60
7925,40264,402,64
7926,40268,402,68
7927,40272,402,72
7928,40276,402,76
7929,40280,402,80
7930,40284,402,84
7931,40288,402,88
7932,40292,402,92
7933,40296,402,96
7934,40300,403,0
7935,40304,403,4
7936,40308,403,8
7937,40312,403,12
7938,40316,403,16
7939,40320,403,20
7940,40324,403,24
7941,40328,403,28
7942,40332,403,32
7943,40336,403,36
7944,40340,403,40
7945,40344,403,44
7946,40348,403,48
7947,40352,403,52
7948,40356,403,56
7949,40360,403,60
7950,40364,403,64
7951,40368,403,68
7952,40372,403,72
7953,40376,403,76
7954,40380,403,80
7955,40384,403,84
7956,40388,403,88
7957,40392,403,92
7958,40396,403,96
7959,40400,404,0
7960,40404,404,4
7961,40408,404,8
7962,40412,404,12
7963,40416,404,16
7964,40420,404,20
7965,40424,404,24
7966,40428,404,28
7967,40432,404,32
7968,40436,404,36
7969,40440,404,40
7970,40444,404,44
7971,40448,404,48
7972,40452,404,52
7973,40456,404,56
7974,40460,404,60
7975,40464,404,64
7976,40468,404,68
7977,40472,404,72
7978,40476,404,76
7979,40480,404,80
7980,40484,404,84
7981,40488,404,88
7982,40492,404,92
7983,40496,404,96
7984,40500,405,0
7985,40504,405,4
7986,40508,405,8
7987,40512,405,12
7988,40516,405,16
7989,40520,405,20
7990,40524,405,24
7991,40528,405,28
7992,40532,405,32
7993,40536,405,36
7994,40540,405,40
7995,40544,405,44
7996,40548,405,48
7997,40552,405,52
7998,40556,405,56
7999,40560,405,60
8000,40564,405,64
8001,40568,405,68
8002,40572,405,72
8003,40576,405,76
8004,40580,405,80
8005,40584,405,84
8006,40588,405,88
8007,40592,405,92
8008,40596,405,96
8009,40600,406,0
8010,40604,406,4
8011,40608,406,8
8012,40612,406,12
8013,40616,406,16
8014,40620,406,20
8015,40624,406,24
8016,40628,406,28
8017,40632,406,32
8018,40636,406,36
8019,40640,406,40
8020,40644,406,44
8021,40648,406,48
8022,40652,406,52
8023,40656,406,56
8024,40660,406,60
8025,40664,406,64
8026,40668,406,68
8027,40672,406,72
8028,40676,406,76
8029,40680,406,80
8030,40684,406,84
8031,40688,406,88
8032,40692,406,92
8033,40696,406,96
8034,40700,407,0
8035,40704,407,4
8036,40708,407,8
8037,40712,407,12
8038,40716,407,16
8039,40720,407,20
8040,40724,407,24
8041,40728,407,28
8042,40732,407,32
8043,40736,407,36
8044,40740,407,40
8045,40744,407,44
8046,40748,407,48
8047,40752,407,52
8048,40756,407,56
8049,40760,407,60
8050,40764,407,64
8051,40768,407,68
8052,40772,407,72
8053,40776,407,76
8054,40780,407,80
8055,40784,407,84
8056,40788,407,88
8057,40792,407,92
8058,40796,407,96
8059,40800,408,0
8060,40804,408,4
8061,40808,408,8
8062,40812,408,12
8063,40816,408,16
8064,40820,408,20
8065,40824,408,24
8066,40828,408,28
8067,40832,408,32
8068,40836,408,36
8069,40840,408,40
8070,40844,408,44
8071,40848,408,48
8072,40852,408,52
8073,40856,408,56
8074,40860,408,60
8075,40864,408,64
8076,40868,408,68
8077,40872,408,72
8078,40876,408,76
8079,40880,408,80
8080,40884,408,84
8081,40888,408,88
8082,40892,408,92
8083,40896,408,96
8084,40900,409,0
8085,40904,409,4
8086,40908,409,8
8087,40912,409,12
8088,40916,409,16
8089,40920,409,20
8090,40924,409,24
8091,40928,409,28
8092,40932,409,32
8093,40936,409,36
8094,40940,409,40
8095,40944,409,44
8096,40948,409,48
8097,40952,409,52
8098,40956,409,56
8099,40960,409,60
8100,40964,409,64
8101,40968,409,68
8102,40972,409,72
8103,40976,409,76
8104,40980,409,80
8105,40984,409,84
8106,40988,409,88
8107,40992,409,92
8108,40996,409,96
8109,41000,410,0
8110,41004,410,4
8111,41008,410,8
8112,41012,410,12
8113,41016,410,16
8114,41020,410,20
8115,41024,410,24
8116,41028,410,28
8117,41032,410,32
8118,41036,410,36
8119,41040,410,40
8120,41044,410,44
8121,41048,410,48
8122,41052,410,52
8123,41056,410,56
8124,41060,410,60
8125,41064,410,64
8126,41068,410,68
8127,41072,410,72
8128,41076,410,76
8129,41080,410,80
8130,41084,410,84
8131,41088,410,88
8132,41092,410,92
8133,41096,410,96
8134,41100,411,0
8135,41104,411,4
8136,41108,411,8
8137,41112,411,12
8138,41116,411,16
8139,41120,411,20
8140,41124,411,24
8141,41128,411,28
8142,41132,411,32
8143,41136,411,36
8144,41140,411,40
8145,41144,411,44
8146,41148,411,48
8147,41152,411,52
8148,41156,411,56
8149,41160,411,60
8150,41164,411,64
8151,41168,411,68
8152,41172,411,72
8153,41176,411,76
8154,41180,411,80
8155,41184,411,84
8156,41188,411,88
8157,41192,411,92
8158,41196,411,96
8159,41200,412,0
8160,41204,412,4
8161,41208,412,8
8162,41212,412,12
8163,41216,412,16
8164,41220,412,20
8165,41224,412,24
8166,41228,412,28
8167,41232,412,32
8168,41236,412,36
8169,41240,412,40
8170,41244,412,44
8171,41248,412,48
8172,41252,412,52
8173,41256,412,56
8174,41260,412,60
8175,41264,412,64
8176,41268,412,68
8177,41272,412,72
8178,41276,412,76
8179,41280,412,80
8180,41284,412,84
8181,41288,412,88
8182,41292,412,92
8183,41296,412,96
8184,41300,413,0
8185,41304,413,4
8186,41308,413,8
8187,41312,413,12
8188,41316,413,16
8189,41320,413,20
8190,41324,413,24
8191,41328,413,28
8192,41332,413,32
8193,20854,208,54
8194,20858,208,58
8195,20862,208,62
8196,20866,208,66
8197,20870,208,70
8198,20874,208,74
8199,20878,208,78
8200,20882,208,82
8201,20886,208,86
8202,20890,208,90
8203,20894,208,94
8204,20898,208,98
8205,20902,209,2
8206,20906,209,6
8207,20910,209,10
8208,20914,209,14
8209,20918,209,18
8210,20922,209,22
8211,20926,209,26
8212,20930,209,30
8213,20934,209,34
8214,20938,209,38
8215,20942,209,42
8216,20946,209,46
8217,20950,209,50
8218,20954,209,54
8219,20958,209,58
8220,20962,209,62
8221,20966,209,66
8222,20970,209,70
8223,20974,209,74
8224,20978,209,78
8225,20982,209,82
8226,20986,209,86
8227,20990,209,90
8228,20994,209,94
8229,20998,209,98
8230,21002,210,2
8231,21006,210,6
8232,21010,210,10
8233,21014,210,14
8234,21018,210,18
8235,21022,210,22
8236,21026,210,26
8237,21030,210,30
8238,21034,210,34
8239,21038,210,38
8240,21042,210,42
8241,21046,210,46
8242,21050,210,50
8243,21054,210,54
8244,21058,210,58
8245,21062,210,62
8246,21066,210,66
8247,21070,210,70
8248,21074,210,74
8249,21078,210,78
8250,21082,210,82
8251,21086,210,86
8252,21090,210,90
8253,21094,210,94
8254,21098,210,98
8255,21102,211,2
8256,21106,211,6
8257,21110,211,10
8258,21114,211,14
8259,21118,211,18
8260,21122,211,22
8261,21126,211,26
8262,21130,211,30
8263,21134,211,34
8264,21138,211,38
8265,21142,211,42
8266,21146,211,46
8267,21150,211,50
8268,21154,211,54
8269,21158,211,58
8270,21162,211,62
8271,21166,211,66
8272,21170,211,70
8273,21174,211,74
8274,21178,211,78
8275,21182,211,82
8276,21186,211,86
8277,21190,211,90
8278,21194,211,94
8279,21198,211,98
8280,21202,212,2
8281,21206,212,6
8282,21210,212,10
8283,21214,212,14
8284,21218,212,18
8285,21222,212,22
8286,21226,212,26
8287,21230,212,30
8288,21234,212,34
8289,21238,212,38
8290,21242,212,42
8291,21246,212,46
8292,21250,212,50
8293,21254,212,54
8294,21258,212,58
8295,21262,212,62
8296,21266,212,66
8297,21270,212,70
8298,21274,212,74
8299,21278,212,78
8300,21282,212,82
8301,21286,212,86
8302,21290,212,90
8303,21294,212,94
8304,21298,212,98
8305,21302,213,2
8306,21306,213,6
8307,21310,213,10
8308,21314,213,14
8309,21318,213,18
8310,21322,213,22
8311,21326,213,26
8312,21330,213,30
8313,21334,213,34
8314,21338,213,38
8315,21342,213,42
8316,21346,213,46
8317,21350,213,50
8318,21354,213,54
8319,21358,213,58
8320,21362,213,62
8321,21366,213,66
8322,21370,213,70
8323,21374,213,74
8324,21378,213,78
8325,21382,213,82
8326,21386,213,86
8327,21390,213,90
8328,21394,213,94
8329,21398,213,98
8330,21402,214,2
8331,21406,214,6
8332,21410,214,10
8333,21414,214,14
8334,21418,214,18
8335,21422,214,22
8336,21426,214,26
8337,21430,214,30
8338,21434,214,34
8339,21438,214,38
8340,21442,214,42
8341,21446,214,46
8342,21450,214,50
8343,21454,214,54
8344,21458,214,58
8345,21462,214,62
8346,21466,214,66
8347,21470,214,70
8348,21474,214,74
8349,21478,214,78
8350,21482,214,82
8351,21486,214,86
8352,21490,214,90
8353,21494,214,94
8354,21498,214,98
8355,21502,215,2
8356,21506,215,6
8357,21510,215,10
8358,21514,215,14
8359,21518,215,18
8360,21522,215,22
8361,21526,215,26
8362,21530,215,30
8363,21534,215,34
8364,21538,215,38
8365,21542,215,42
8366,21546,215,46
8367,21550,215,50
8368,21554,215,54
8369,21558,215,58
8370,21562,215,62
8371,21566,215,66
8372,21570,215,70
8373,21574,215,74
8374,21578,215,78
8375,21582,215,82
8376,21586,215,86
8377,21590,215,90
8378,21594,215,94
8379,21598,215,98
8380,21602,216,2
8381,21606,216,6
8382,21610,216,10
8383,21614,216,14
8384,21618,216,18
8385,21622,216,22
8386,21626,216,26
8387,21630,216,30
8388,21634,216,34
8389,21638,216,38
8390,21642,216,42
8391,21646,216,46
8392,21650,216,50
8393,21654,216,54
8394,21658,216,58
8395,21662,216,62
8396,21666,216,66
8397,21670,216,70
8398,21674,216,74
8399,21678,216,78
8400,21682,216,82
8401,21686,216,86
8402,21690,216,90
8403,21694,216,94
8404,21698,216,98
8405,21702,217,2
8406,21706,217,6
8407,21710,217,10
8408,21714,217,14
8409,21718,217,18
8410,21722,217,22
8411,21726,217,26
8412,21730,217,30
8413,21734,217,34
8414,21738,217,38
8415,21742,217,42
8416,21746,217,46
8417,21750,217,50
8418,21754,217,54
8419,21758,217,58
8420,21762,217,62
8421,21766,217,66
8422,21770,217,70
8423,21774,217,74
8424,21778,217,78
8425,21782,217,82
8426,21786,217,86
8427,21790,217,90
8428,21794,217,94
8429,21798,217,98
8430,21802,218,2
8431,21806,218,6
8432,21810,218,10
8433,21814,218,14
8434,21818,218,18
8435,21822,218,22
8436,21826,218,26
8437,21830,218,30
8438,21834,218,34
8439,21838,218,38
8440,21842,218,42
8441,21846,218,46
8442,21850,218,50
8443,21854,218,54
8444,21858,218,58
8445,21862,218,62
8446,21866,218,66
8447,21870,218,70
8448,21874,218,74
8449,21878,218,78
8450,21882,218,82
8451,21886,218,86
8452,21890,218,90
8453,21894,218,94
8454,21898,218,98
8455,21902,219,2
8456,21906,219,6
8457,21910,219,10
8458,21914,219,14
8459,21918,219,18
8460,21922,219,22
8461,21926,219,26
8462,21930,219,30
8463,21934,219,34
8464,21938,219,38
8465,21942,219,42
8466,21946,219,46
8467,21950,219,50
8468,21954,219,54
8469,21958,219,58
8470,21962,219,62
8471,21966,219,66
8472,21970,219,70
8473,21974,219,74
8474,21978,219,78
8475,21982,219,82
8476,21986,219,86
8477,21990,219,90
8478,21994,219,94
8479,21998,219,98
8480,22002,220,2
8481,22006,220,6
8482,22010,220,10
8483,22014,220,14
8484,22018,220,18
8485,22022,220,22
8486,22026,220,26
8487,22030,220,30
8488,22034,220,34
8489,22038,220,38
8490,22042,220,42
8491,22046,220,46
8492,22050,220,50
8493,22054,220,54
8494,22058,220,58
8495,22062,220,62
8496,22066,220,66
8497,22070,220,70
8498,22074,220,74
8499,22078,220,78
8500,22082,220,82
8501,22086,220,86
8502,22090,220,90
8503,22094,220,94
8504,22098,220,98
8505,22102,221,2
8506,22106,221,6
8507,22110,221,10
8508,22114,221,14
8509,22118,221,18
8510,22122,221,22
8511,22126,221,26
8512,22130,221,30
8513,22134,221,34
8514,22138,221,38
8515,22142,221,42
8516,22146,221,46
8517,22150,221,50
8518,22154,221,54
8519,22158,221,58
8520,22162,221,62
8521,22166,221,66
8522,22170,221,70
8523,22174,221,74
8524,22178,221,78
8525,22182,221,82
8526,22186,221,86
8527,22190,221,90
8528,22194,221,94
8529,22198,221,98
8530,22202,222,2
8531,22206,222,6
8532,22210,222,10
8533,22214,222,14
8534,22218,222,18
8535,22222,222,22
8536,22226,222,26
8537,22230,222,30
8538,22234,222,34
8539,22238,222,38
8540,22242,222,42
8541,22246,222,46
8542,22250,222,50
8543,22254,222,54
8544,22258,222,58
8545,22262,222,62
8546,22266,222,66
8547,22270,222,70
8548,22274,222,74
8549,22278,222,78
8550,22282,222,82
8551,22286,222,86
8552,22290,222,90
8553,22294,222,94
8554,22298,222,98
8555,22302,223,2
8556,22306,223,6
8557,22310,223,10
8558,22314,223,14
8559,22318,223,18
8560,22322,223,22
8561,22326,223,26
8562,22330,223,30
8563,22334,223,34
8564,22338,223,38
8565,22342,223,42
8566,22346,223,46
8567,22350,223,50
8568,22354,223,54
8569,22358,223,58
8570,22362,223,62
8571,22366,223,66
8572,22370,223,70
8573,22374,223,74
8574,22378,223,78
8575,22382,223,82
8576,22386,223,86
8577,22390,223,90
8578,22394,223,94
8579,22398,223,98
8580,22402,224,2
8581,22406,224,6
8582,22410,224,10
8583,22414,224,14
8584,22418,224,18
8585,22422,224,22
8586,22426,224,26
8587,22430,224,30
8588,22434,224,34
8589,22438,224,38
8590,22442,224,42
8591,22446,224,46
8592,22450,224,50
8593,22454,224,54
8594,22458,224,58
8595,22462,224,62
8596,22466,224,66
8597,22470,224,70
8598,22474,224,74
8599,22478,224,78
8600,22482,224,82
8601,22486,224,86
8602,22490,224,90
8603,22494,224,94
8604,22498,224,98
8605,22502,225,2
8606,22506,225,6
8607,22510,225,10
8608,22514,225,14
8609,22518,225,18
8610,22522,225,22
8611,22526,225,26
8612,22530,225,30
8613,22534,225,34
8614,22538,225,38
8615,22542,225,42
8616,22546,225,46
8617,22550,225,50
8618,22554,225,54
8619,22558,225,58
8620,22562,225,62
8621,22566,225,66
8622,22570,225,70
8623,22574,225,74
8624,22578,225,78
8625,22582,225,82
8626,22586,225,86
8627,22590,225,90
8628,22594,225,94
8629,22598,225,98
8630,22602,226,2
8631,22606,226,6
8632,22610,226,10
8633,22614,226,14
8634,22618,226,18
8635,22622,226,22
8636,22626,226,26
8637,22630,226,30
8638,22634,226,34
8639,22638,226,38
8640,22642,226,42
8641,22646,226,46
8642,22650,226,50
8643,22654,226,54
8644,22658,226,58
8645,22662,226,62
8646,22666,226,66
8647,22670,226,70
8648,22674,226,74
8649,22678,226,78
8650,22682,226,82
8651,22686,226,86
8652,22690,226,90
8653,22694,226,94
8654,22698,226,98
8655,22702,227,2
8656,22706,227,6
8657,22710,227,10
8658,22714,227,14
8659,22718,227,18
8660,22722,227,22
8661,22726,227,26
8662,22730,227,30
8663,22734,227,34
8664,22738,227,38
8665,22742,227,42
8666,22746,227,46
8667,22750,227,50
8668,22754,227,54
8669,22758,227,58
8670,22762,227,62
8671,22766,227,66
8672,22770,227,70
8673,22774,227,74
8674,22778,227,78
8675,22782,227,82
8676,22786,227,86
8677,22790,227,90
8678,22794,227,94
8679,22798,227,98
8680,22802,228,2
8681,22806,228,6
8682,22810,228,10
8683,22814,228,14
8684,22818,228,18
8685,22822,228,22
8686,22826,228,26
8687,22830,228,30
8688,22834,228,34
8689,22838,228,38
8690,22842,228,42
8691,22846,228,46
8692,22850,228,50
8693,22854,228,54
8694,22858,228,58
8695,22862,228,62
8696,22866,228,66
8697,22870,228,70
8698,22874,228,74
8699,22878,228,78
8700,22882,228,82
8701,22886,228,86
8702,22890,228,90
8703,22894,228,94
8704,22898,228,98
8705,22902,229,2
8706,22906,229,6
8707,22910,229,10
8708,22914,229,14
8709,22918,229,18
8710,22922,229,22
8711,22926,229,26
8712,22930,229,30
8713,22934,229,34
8714,22938,229,38
8715,22942,229,42
8716,22946,229,46
8717,22950,229,50
8718,22954,229,54
8719,22958,229,58
8720,22962,229,62
8721,22966,229,66
8722,22970,229,70
8723,22974,229,74
8724,22978,229,78
8725,22982,229,82
8726,22986,229,86
8727,22990,229,90
8728,22994,229,94
8729,22998,229,98
8730,23002,230,2
8731,23006,230,6
8732,23010,230,10
8733,23014,230,14
8734,23018,230,18
8735,23022,230,22
8736,23026,230,26
8737,23030,230,30
8738,23034,230,34
8739,23038,230,38
8740,23042,230,42
8741,23046,230,46
8742,23050,230,50
8743,23054,230,54
8744,23058,230,58
8745,23062,230,62
8746,23066,230,66
8747,23070,230,70
8748,23074,230,74
8749,23078,230,78
8750,23082,230,82
8751,23086,230,86
8752,23090,230,90
8753,23094,230,94
8754,23098,230,98
8755,23102,231,2
8756,23106,231,6
8757,23110,231,10
8758,23114,231,14
8759,23118,231,18
8760,23122,231,22
8761,23126,231,26
8762,23130,231,30
8763,23134,231,34
8764,23138,231,38
8765,23142,231,42
8766,23146,231,46
8767,23150,231,50
8768,23154,231,54
8769,23158,231,58
8770,23162,231,62
8771,23166,231,66
8772,23170,231,70
8773,23174,231,74
8774,23178,231,78
8775,23182,231,82
8776,23186,231,86
8777,23190,231,90
8778,23194,231,94
8779,23198,231,98
8780,23202,232,2
8781,23206,232,6
8782,23210,232,10
8783,23214,232,14
8784,23218,232,18
8785,23222,232,22
8786,23226,232,26
8787,23230,232,30
8788,23234,232,34
8789,23238,232,38
8790,23242,232,42
8791,23246,232,46
8792,23250,232,50
8793,23254,232,54
8794,23258,232,58
8795,23262,232,62
8796,23266,232,66
8797,23270,232,70
8798,23274,232,74
8799,23278,232,78
8800,23282,232,82
8801,23286,232,86
8802,23290,232,90
8803,23294,232,94
8804,23298,232,98
8805,23302,233,2
8806,23306,233,6
8807,23310,233,10
8808,23314,233,14
8809,23318,233,18
8810,23322,233,22
8811,23326,233,26
8812,23330,233,30
8813,23334,233,34
8814,23338,233,38
8815,23342,233,42
8816,23346,233,46
8817,23350,233,50
8818,23354,233,54
8819,23358,233,58
8820,23362,233,62
8821,23366,233,66
8822,23370,233,70
8823,23374,233,74
8824,23378,233,78
8825,23382,233,82
8826,23386,233,86
8827,23390,233,90
8828,23394,233,94
8829,23398,233,98
8830,23402,234,2
8831,23406,234,6
8832,23410,234,10
8833,23414,234,14
8834,23418,234,18
8835,23422,234,22
8836,23426,234,26
8837,23430,234,30
8838,23434,234,34
8839,23438,234,38
8840,23442,234,42
8841,23446,234,46
8842,23450,234,50
8843,23454,234,54
8844,23458,234,58
8845,23462,234,62
8846,23466,234,66
8847,23470,234,70
8848,23474,234,74
8849,23478,234,78
8850,23482,234,82
8851,23486,234,86
8852,23490,234,90
8853,23494,234,94
8854,23498,234,98
8855,23502,235,2
8856,23506,235,6
8857,23510,235,10
8858,23514,235,14
8859,23518,235,18
8860,23522,235,22
8861,23526,235,26
8862,23530,235,30
8863,23534,235,34
8864,23538,235,38
8865,23542,235,42
8866,23546,235,46
8867,23550,235,50
8868,23554,235,54
8869,23558,235,58
8870,23562,235,62
8871,23566,235,66
8872,23570,235,70
8873,23574,235,74
8874,23578,235,78
8875,23582,235,82
8876,23586,235,86
8877,23590,235,90
8878,23594,235,94
8879,23598,235,98
8880,23602,236,2
8881,23606,236,6
8882,23610,236,10
8883,23614,236,14
8884,23618,236,18
8885,23622,236,22
8886,23626,236,26
8887,23630,236,30
8888,23634,236,34
8889,23638,236,38
8890,23642,236,42
8891,23646,236,46
8892,23650,236,50
8893,23654,236,54
8894,23658,236,58
8895,23662,236,62
8896,23666,236,66
8897,23670,236,70
8898,23674,236,74
8899,23678,236,78
8900,23682,236,82
8901,23686,236,86
8902,23690,236,90
8903,23694,236,94
8904,23698,236,98
8905,23702,237,2
8906,23706,237,6
8907,23710,237,10
8908,23714,237,14
8909,23718,237,18
8910,23722,237,22
8911,23726,237,26
8912,23730,237,30
8913,23734,237,34
8914,23738,237,38
8915,23742,237,42
8916,23746,237,46
8917,23750,237,50
8918,23754,237,54
8919,23758,237,58
8920,23762,237,62
8921,23766,237,66
8922,23770,237,70
8923,23774,237,74
8924,23778,237,78
8925,23782,237,82
8926,23786,237,86
8927,23790,237,90
8928,23794,237,94
8929,23798,237,98
8930,23802,238,2
8931,23806,238,6
8932,23810,238,10
8933,23814,238,14
8934,23818,238,18
8935,23822,238,22
8936,23826,238,26
8937,23830,238,30
8938,23834,238,34
8939,23838,238,38
8940,23842,238,42
8941,23846,238,46
8942,23850,238,50
8943,23854,238,54
8944,23858,238,58
8945,23862,238,62
8946,23866,238,66
8947,23870,238,70
8948,23874,238,74
8949,23878,238,78
8950,23882,238,82
8951,23886,238,86
8952,23890,238,90
8953,23894,238,94
8954,23898,238,98
8955,23902,239,2
8956,23906,239,6
8957,23910,239,10
8958,23914,239,14
8959,23918,239,18
8960,23922,239,22
8961,23926,239,26
8962,23930,239,30
8963,23934,239,34
8964,23938,239,38
8965,23942,239,42
8966,23946,239,46
8967,23950,239,50
8968,23954,239,54
8969,23958,239,58
8970,23962,239,62
8971,23966,239,66
8972,23970,239,70
8973,23974,239,74
8974,23978,239,78
8975,23982,239,82
8976,23986,239,86
8977,23990,239,90
8978,23994,239,94
8979,23998,239,98
8980,24002,240,2
8981,24006,240,6
8982,24010,240,10
8983,24014,240,14
8984,24018,240,18
8985,24022,240,22
8986,24026,240,26
8987,24030,240,30
8988,24034,240,34
8989,24038,240,38
8990,24042,240,42
8991,24046,240,46
8992,24050,240,50
8993,24054,240,54
8994,24058,240,58
8995,24062,240,62
8996,24066,240,66
8997,24070,240,70
8998,24074,240,74
8999,24078,240,78
9000,24082,240,82
9001,24086,240,86
9002,24090,240,90
9003,24094,240,94
9004,24098,240,98
9005,24102,241,2
9006,24106,241,6
9007,24110,241,10
9008,24114,241,14
9009,24118,241,18
9010,24122,241,22
9011,24126,241,26
9012,24130,241,30
9013,24134,241,34
9014,24138,241,38
9015,24142,241,42
9016,24146,241,46
9017,24150,241,50
9018,24154,241,54
9019,24158,241,58
9020,24162,241,62
9021,24166,241,66
9022,24170,241,70
9023,24174,241,74
9024,24178,241,78
9025,24182,241,82
9026,24186,241,86
9027,24190,241,90
9028,24194,241,94
9029,24198,241,98
9030,24202,242,2
9031,24206,242,6
9032,24210,242,10
9033,24214,242,14
9034,24218,242,18
9035,24222,242,22
9036,24226,242,26
9037,24230,242,30
9038,24234,242,34
9039,24238,242,38
9040,24242,242,42
9041,24246,242,46
9042,24250,242,50
9043,24254,242,54
9044,24258,242,58
9045,24262,242,62
9046,24266,242,66
9047,24270,242,70
9048,24274,242,74
9049,24278,242,78
9050,24282,242,82
9051,24286,242,86
9052,24290,242,90
9053,24294,242,94
9054,24298,242,98
9055,24302,243,2
9056,24306,243,6
9057,24310,243,10
9058,24314,243,14
9059,24318,243,18
9060,24322,243,22
9061,24326,243,26
9062,24330,243,30
9063,24334,243,34
9064,24338,243,38
9065,24342,243,42
9066,24346,243,46
9067,24350,243,50
9068,24354,243,54
9069,24358,243,58
9070,24362,243,62
9071,24366,243,66
9072,24370,243,70
9073,24374,243,74
9074,24378,243,78
9075,24382,243,82
9076,24386,243,86
9077,24390,243,90
9078,24394,243,94
9079,24398,243,98
9080,24402,244,2
9081,24406,244,6
9082,24410,244,10
9083,24414,244,14
9084,24418,244,18
9085,24422,244,22
9086,24426,244,26
9087,24430,244,30
9088,24434,244,34
9089,24438,244,38
9090,24442,244,42
9091,24446,244,46
9092,24450,244,50
9093,24454,244,54
9094,24458,244,58
9095,24462,244,62
9096,24466,244,66
9097,24470,244,70
9098,24474,244,74
9099,24478,244,78
9100,24482,244,82
9101,24486,244,86
9102,24490,244,90
9103,24494,244,94
9104,24498,244,98
9105,24502,245,2
9106,24506,245,6
9107,24510,245,10
9108,24514,245,14
9109,24518,245,18
9110,24522,245,22
9111,24526,245,26
9112,24530,245,30
9113,24534,245,34
9114,24538,245,38
9115,24542,245,42
9116,24546,245,46
9117,24550,245,50
9118,24554,245,54
9119,24558,245,58
9120,24562,245,62
9121,24566,245,66
9122,24570,245,70
9123,24574,245,74
9124,24578,245,78
9125,24582,245,82
9126,24586,245,86
9127,24590,245,90
9128,24594,245,94
9129,24598,245,98
9130,24602,246,2
9131,24606,246,6
9132,24610,246,10
9133,24614,246,14
9134,24618,246,18
9135,24622,246,22
9136,24626,246,26
9137,24630,246,30
9138,24634,246,34
9139,24638,246,38
9140,24642,246,42
9141,24646,246,46
9142,24650,246,50
9143,24654,246,54
9144,24658,246,58
9145,24662,246,62
9146,24666,246,66
9147,24670,246,70
9148,24674,246,74
9149,24678,246,78
9150,24682,246,82
9151,24686,246,86
9152,24690,246,90
9153,24694,246,94
9154,24698,246,98
9155,24702,247,2
9156,24706,247,6
9157,24710,247,10
9158,24714,247,14
9159,24718,247,18
9160,24722,247,22
9161,24726,247,26
9162,24730,247,30
9163,24734,247,34
9164,24738,247,38
9165,24742,247,42
9166,24746,247,46
9167,24750,247,50
9168,24754,247,54
9169,24758,247,58
9170,24762,247,62
9171,24766,247,66
9172,24770,247,70
9173,24774,247,74
9174,24778,247,78
9175,24782,247,82
9176,24786,247,86
9177,24790,247,90
9178,24794,247,94
9179,24798,247,98
9180,24802,248,2
9181,24806,248,6
9182,24810,248,10
9183,24814,248,14
9184,24818,248,18
9185,24822,248,22
9186,24826,248,26
9187,24830,248,30
9188,24834,248,34
9189,24838,248,38
9190,24842,248,42
9191,24846,248,46
9192,24850,248,50
9193,24854,248,54
9194,24858,248,58
9195,24862,248,62
9196,24866,248,66
9197,24870,248,70
9198,24874,248,74
9199,24878,248,78
9200,24882,248,82
9201,24886,248,86
9202,24890,248,90
9203,24894,248,94
9204,24898,248,98
9205,24902,249,2
9206,24906,249,6
9207,24910,249,10
9208,24914,249,14
9209,24918,249,18
9210,24922,249,22
9211,24926,249,26
9212,24930,249,30
9213,24934,249,34
9214,24938,249,38
9215,24942,249,42
9216,24946,249,46
9217,24950,249,50
9218,24954,249,54
9219,24958,249,58
9220,24962,249,62
9221,24966,249,66
9222,24970,249,70
9223,24974,249,74
9224,24978,249,78
9225,24982,249,82
9226,24986,249,86
9227,24990,249,90
9228,24994,249,94
9229,24998,249,98
9230,25002,250,2
9231,25006,250,6
9232,25010,250,10
9233,25014,250,14
9234,25018,250,18
9235,25022,250,22
9236,25026,250,26
9237,25030,250,30
9238,25034,250,34
9239,25038,250,38
9240,25042,250,42
9241,25046,250,46
9242,25050,250,50
9243,25054,250,54
9244,25058,250,58
9245,25062,250,62
9246,25066,250,66
9247,25070,250,70
9248,25074,250,74
9249,25078,250,78
9250,25082,250,82
9251,25086,250,86
9252,25090,250,90
9253,25094,250,94
9254,25098,250,98
9255,25102,251,2
9256,25106,251,6
9257,25110,251,10
9258,25114,251,14
9259,25118,251,18
9260,25122,251,22
9261,25126,251,26
9262,25130,251,30
9263,25134,251,34
9264,25138,251,38
9265,25142,251,42
9266,25146,251,46
9267,25150,251,50
9268,25154,251,54
9269,25158,251,58
9270,25162,251,62
9271,25166,251,66
9272,25170,251,70
9273,25174,251,74
9274,25178,251,78
9275,25182,251,82
9276,25186,251,86
9277,25190,251,90
9278,25194,251,94
9279,25198,251,98
9280,25202,252,2
9281,25206,252,6
9282,25210,252,10
9283,25214,252,14
9284,25218,252,18
9285,25222,252,22
9286,25226,252,26
9287,25230,252,30
9288,25234,252,34
9289,25238,252,38
9290,25242,252,42
9291,25246,252,46
9292,25250,252,50
9293,25254,252,54
9294,25258,252,58
9295,25262,252,62
9296,25266,252,66
9297,25270,252,70
9298,25274,252,74
9299,25278,252,78
9300,25282,252,82
9301,25286,252,86
9302,25290,252,90
9303,25294,252,94
9304,25298,252,98
9305,25302,253,2
9306,25306,253,6
9307,25310,253,10
9308,25314,253,14
9309,25318,253,18
9310,25322,253,22
9311,25326,253,26
9312,25330,253,30
9313,25334,253,34
9314,25338,253,38
9315,25342,253,42
9316,25346,253,46
9317,25350,253,50
9318,25354,253,54
9319,25358,253,58
9320,25362,253,62
9321,25366,253,66
9322,25370,253,70
9323,25374,253,74
9324,25378,253,78
9325,25382,253,82
9326,25386,253,86
9327,25390,253,90
9328,25394,253,94
9329,25398,253,98
9330,25402,254,2
9331,25406,254,6
9332,25410,254,10
9333,25414,254,14
9334,25418,254,18
9335,25422,254,22
9336,25426,254,26
9337,25430,254,30
9338,25434,254,34
9339,25438,254,38
9340,25442,254,42
9341,25446,254,46
9342,25450,254,50
9343,25454,254,54
9344,25458,254,58
9345,25462,254,62
9346,25466,254,66
9347,25470,254,70
9348,25474,254,74
9349,25478,254,78
9350,25482,254,82
9351,25486,254,86
9352,25490,254,90
9353,25494,254,94
9354,25498,254,98
9355,25502,255,2
9356,25506,255,6
9357,25510,255,10
9358,25514,255,14
9359,25518,255,18
9360,25522,255,22
9361,25526,255,26
9362,25530,255,30
9363,25534,255,34
9364,25538,255,38
9365,25542,255,42
9366,25546,255,46
9367,25550,255,50
9368,25554,255,54
9369,25558,255,58
9370,25562,255,62
9371,25566,255,66
9372,25570,255,70
9373,25574,255,74
9374,25578,255,78
9375,25582,255,82
9376,25586,255,86
9377,25590,255,90
9378,25594,255,94
9379,25598,255,98
9380,25602,256,2
9381,25606,256,6
9382,25610,256,10
9383,25614,256,14
9384,25618,256,18
9385,25622,256,22
9386,25626,256,26
9387,25630,256,30
9388,25634,256,34
9389,25638,256,38
9390,25642,256,42
9391,25646,256,46
9392,25650,256,50
9393,25654,256,54
9394,25658,256,58
9395,25662,256,62
9396,25666,256,66
9397,25670,256,70
9398,25674,256,74
9399,25678,256,78
9400,25682,256,82
9401,25686,256,86
9402,25690,256,90
9403,25694,256,94
9404,25698,256,98
9405,25702,257,2
9406,25706,257,6
9407,25710,257,10
9408,25714,257,14
9409,25718,257,18
9410,25722,257,22
9411,25726,257,26
9412,25730,257,30
9413,25734,257,34
9414,25738,257,38
9415,25742,257,42
9416,25746,257,46
9417,25750,257,50
9418,25754,257,54
9419,25758,257,58
9420,25762,257,62
9421,25766,257,66
9422,25770,257,70
9423,25774,257,74
9424,25778,257,78
9425,25782,257,82
9426,25786,257,86
9427,25790,257,90
9428,25794,257,94
9429,25798,257,98
9430,25802,258,2
9431,25806,258,6
9432,25810,258,10
9433,25814,258,14
9434,25818,258,18
9435,25822,258,22
9436,25826,258,26
9437,25830,258,30
9438,25834,258,34
9439,25838,258,38
9440,25842,258,42
9441,25846,258,46
9442,25850,258,50
9443,25854,258,54
9444,25858,258,58
9445,25862,258,62
9446,25866,258,66
9447,25870,258,70
9448,25874,258,74
9449,25878,258,78
9450,25882,258,82
9451,25886,258,86
9452,25890,258,90
9453,25894,258,94
9454,25898,258,98
9455,25902,259,2
9456,25906,259,6
9457,25910,259,10
9458,25914,259,14
9459,25918,259,18
9460,25922,259,22
9461,25926,259,26
9462,25930,259,30
9463,25934,259,34
9464,25938,259,38
9465,25942,259,42
9466,25946,259,46
9467,25950,259,50
9468,25954,259,54
9469,25958,259,58
9470,25962,259,62
9471,25966,259,66
9472,25970,259,70
9473,25974,259,74
9474,25978,259,78
9475,25982,259,82
9476,25986,259,86
9477,25990,259,90
9478,25994,259,94
9479,25998,259,98
9480,26002,260,2
9481,26006,260,6
9482,26010,260,10
9483,26014,260,14
9484,26018,260,18
9485,26022,260,22
9486,26026,260,26
9487,26030,260,30
9488,26034,260,34
9489,26038,260,38
9490,26042,260,42
9491,26046,260,46
9492,26050,260,50
9493,26054,260,54
9494,26058,260,58
9495,26062,260,62
9496,26066,260,66
9497,26070,260,70
9498,26074,260,74
9499,26078,260,78
9500,26082,260,82
9501,26086,260,86
9502,26090,260,90
9503,26094,260,94
9504,26098,260,98
9505,26102,261,2
9506,26106,261,6
9507,26110,261,10
9508,26114,261,14
9509,26118,261,18
9510,26122,261,22
9511,26126,261,26
9512,26130,261,30
9513,26134,261,34
9514,26138,261,38
9515,26142,261,42
9516,26146,261,46
9517,26150,261,50
9518,26154,261,54
9519,26158,261,58
9520,26162,261,62
9521,26166,261,66
9522,26170,261,70
9523,26174,261,74
9524,26178,261,78
9525,26182,261,82
9526,26186,261,86
9527,26190,261,90
9528,26194,261,94
9529,26198,261,98
9530,26202,262,2
9531,26206,262,6
9532,26210,262,10
9533,26214,262,14
9534,26218,262,18
9535,26222,262,22
9536,26226,262,26
9537,26230,262,30
9538,26234,262,34
9539,26238,262,38
9540,26242,262,42
9541,26246,262,46
9542,26250,262,50
9543,26254,262,54
9544,26258,262,58
9545,26262,262,62
9546,26266,262,66
9547,26270,262,70
9548,26274,262,74
9549,26278,262,78
9550,26282,262,82
9551,26286,262,86
9552,26290,262,90
9553,26294,262,94
9554,26298,262,98
9555,26302,263,2
9556,26306,263,6
9557,26310,263,10
9558,26314,263,14
9559,26318,263,18
9560,26322,263,22
9561,26326,263,26
9562,26330,263,30
9563,26334,263,34
9564,26338,263,38
9565,26342,263,42
9566,26346,263,46
9567,26350,263,50
9568,26354,263,54
9569,26358,263,58
9570,26362,263,62
9571,26366,263,66
9572,26370,263,70
9573,26374,263,74
9574,26378,263,78
9575,26382,263,82
9576,26386,263,86
9577,26390,263,90
9578,26394,263,94
9579,26398,263,98
9580,26402,264,2
9581,26406,264,6
9582,26410,264,10
9583,26414,264,14
9584,26418,264,18
9585,26422,264,22
9586,26426,264,26
9587,26430,264,30
9588,26434,264,34
9589,26438,264,38
9590,26442,264,42
9591,26446,264,46
9592,26450,264,50
9593,26454,264,54
9594,26458,264,58
9595,26462,264,62
9596,26466,264,66
9597,26470,264,70
9598,26474,264,74
9599,26478,264,78
9600,26482,264,82
9601,26486,264,86
9602,26490,264,90
9603,26494,264,94
9604,26498,264,98
9605,26502,265,2
9606,26506,265,6
9607,26510,265,10
9608,26514,265,14
9609,26518,265,18
9610,26522,265,22
9611,26526,265,26
9612,26530,265,30
9613,26534,265,34
9614,26538,265,38
9615,26542,265,42
9616,26546,265,46
9617,26550,265,50
9618,26554,265,54
9619,26558,265,58
9620,26562,265,62
9621,26566,265,66
9622,26570,265,70
9623,26574,265,74
9624,26578,265,78
9625,26582,265,82
9626,26586,265,86
9627,26590,265,90
9628,26594,265,94
9629,26598,265,98
9630,26602,266,2
9631,26606,266,6
9632,26610,266,10
9633,26614,266,14
9634,26618,266,18
9635,26622,266,22
9636,26626,266,26
9637,26630,266,30
9638,26634,266,34
9639,26638,266,38
9640,26642,266,42
9641,26646,266,46
9642,26650,266,50
9643,26654,266,54
9644,26658,266,58
9645,26662,266,62
9646,26666,266,66
9647,26670,266,70
9648,26674,266,74
9649,26678,266,78
9650,26682,266,82
9651,26686,266,86
9652,26690,266,90
9653,26694,266,94
9654,26698,266,98
9655,26702,267,2
9656,26706,267,6
9657,26710,267,10
9658,26714,267,14
9659,26718,267,18
9660,26722,267,22
9661,26726,267,26
9662,26730,267,30
9663,26734,267,34
9664,26738,267,38
9665,26742,267,42
9666,26746,267,46
9667,26750,267,50
9668,26754,267,54
9669,26758,267,58
9670,26762,267,62
9671,26766,267,66
9672,26770,267,70
9673,26774,267,74
9674,26778,267,78
9675,26782,267,82
9676,26786,267,86
9677,26790,267,90
9678,26794,267,94
9679,26798,267,98
9680,26802,268,2
9681,26806,268,6
9682,26810,268,10
9683,26814,268,14
9684,26818,268,18
9685,26822,268,22
9686,26826,268,26
9687,26830,268,30
9688,26834,268,34
9689,26838,268,38
9690,26842,268,42
9691,26846,268,46
9692,26850,268,50
9693,26854,268,54
9694,26858,268,58
9695,26862,268,62
9696,26866,268,66
9697,26870,268,70
9698,26874,268,74
9699,26878,268,78
9700,26882,268,82
9701,26886,268,86
9702,26890,268,90
9703,26894,268,94
9704,26898,268,98
9705,26902,269,2
9706,26906,269,6
9707,26910,269,10
9708,26914,269,14
9709,26918,269,18
9710,26922,269,22
9711,26926,269,26
9712,26930,269,30
9713,26934,269,34
9714,26938,269,38
9715,26942,269,42
9716,26946,269,46
9717,26950,269,50
9718,26954,269,54
9719,26958,269,58
9720,26962,269,62
9721,26966,269,66
9722,26970,269,70
9723,26974,269,74
9724,26978,269,78
9725,26982,269,82
9726,26986,269,86
9727,26990,269,90
9728,26994,269,94
9729,26998,269,98
9730,27002,270,2
9731,27006,270,6
9732,27010,270,10
9733,27014,270,14
9734,27018,270,18
9735,27022,270,22
9736,27026,270,26
9737,27030,270,30
9738,27034,270,34
9739,27038,270,38
9740,27042,270,42
9741,27046,270,46
9742,27050,270,50
9743,27054,270,54
9744,27058,270,58
9745,27062,270,62
9746,27066,270,66
9747,27070,270,70
9748,27074,270,74
9749,27078,270,78
9750,27082,270,82
9751,27086,270,86
9752,27090,270,90
9753,27094,270,94
9754,27098,270,98
9755,27102,271,2
9756,27106,271,6
9757,27110,271,10
9758,27114,271,14
9759,27118,271,18
9760,27122,271,22
9761,27126,271,26
9762,27130,271,30
9763,27134,271,34
9764,27138,271,38
9765,27142,271,42
9766,27146,271,46
9767,27150,271,50
9768,27154,271,54
9769,27158,271,58
9770,27162,271,62
9771,27166,271,66
9772,27170,271,70
9773,27174,271,74
9774,27178,271,78
9775,27182,271,82
9776,27186,271,86
9777,27190,271,90
9778,27194,271,94
9779,27198,271,98
9780,27202,272,2
9781,27206,272,6
9782,27210,272,10
9783,27214,272,14
9784,27218,272,18
9785,27222,272,22
9786,27226,272,26
9787,27230,272,30
9788,27234,272,34
9789,27238,272,38
9790,27242,272,42
9791,27246,272,46
9792,27250,272,50
9793,27254,272,54
9794,27258,272,58
9795,27262,272,62
9796,27266,272,66
9797,27270,272,70
9798,27274,272,74
9799,27278,272,78
9800,27282,272,82
9801,27286,272,86
9802,27290,272,90
9803,27294,272,94
9804,27298,272,98
9805,27302,273,2
9806,27306,273,6
9807,27310,273,10
9808,27314,273,14
9809,27318,273,18
9810,27322,273,22
9811,27326,273,26
9812,27330,273,30
9813,27334,273,34
9814,27338,273,38
9815,27342,273,42
9816,27346,273,46
9817,27350,273,50
9818,27354,273,54
9819,27358,273,58
9820,27362,273,62
9821,27366,273,66
9822,27370,273,70
9823,27374,273,74
9824,27378,273,78
9825,27382,273,82
9826,27386,273,86
9827,27390,273,90
9828,27394,273,94
9829,27398,273,98
9830,27402,274,2
9831,27406,274,6
9832,27410,274,10
9833,27414,274,14
9834,27418,274,18
9835,27422,274,22
9836,27426,274,26
9837,27430,274,30
9838,27434,274,34
9839,27438,274,38
9840,27442,274,42
9841,27446,274,46
9842,27450,274,50
9843,27454,274,54
9844,27458,274,58
9845,27462,274,62
9846,27466,274,66
9847,27470,274,70
9848,27474,274,74
9849,27478,274,78
9850,27482,274,82
9851,27486,274,86
9852,27490,274,90
9853,27494,274,94
9854,27498,274,98
9855,27502,275,2
9856,27506,275,6
9857,27510,275,10
9858,27514,275,14
9859,27518,275,18
9860,27522,275,22
9861,27526,275,26
9862,27530,275,30
9863,27534,275,34
9864,27538,275,38
9865,27542,275,42
9866,27546,275,46
9867,27550,275,50
9868,27554,275,54
9869,27558,275,58
9870,27562,275,62
9871,27566,275,66
9872,27570,275,70
9873,27574,275,74
9874,27578,275,78
9875,27582,275,82
9876,27586,275,86
9877,27590,275,90
9878,27594,275,94
9879,27598,275,98
9880,27602,276,2
9881,27606,276,6
9882,27610,276,10
9883,27614,276,14
9884,27618,276,18
9885,27622,276,22
9886,27626,276,26
9887,27630,276,30
9888,27634,276,34
9889,27638,276,38
9890,27642,276,42
9891,27646,276,46
9892,27650,276,50
9893,27654,276,54
9894,27658,276,58
9895,27662,276,62
9896,27666,276,66
9897,27670,276,70
9898,27674,276,74
9899,27678,276,78
9900,27682,276,82
9901,27686,276,86
9902,27690,276,90
9903,27694,276,94
9904,27698,276,98
9905,27702,277,2
9906,27706,277,6
9907,27710,277,10
9908,27714,277,14
9909,27718,277,18
9910,27722,277,22
9911,27726,277,26
9912,27730,277,30
9913,27734,277,34
9914,27738,277,38
9915,27742,277,42
9916,27746,277,46
9917,27750,277,50
9918,27754,277,54
9919,27758,277,58
9920,27762,277,62
9921,27766,277,66
9922,27770,277,70
9923,27774,277,74
9924,27778,277,78
9925,27782,277,82
9926,27786,277,86
9927,27790,277,90
9928,27794,277,94
9929,27798,277,98
9930,27802,278,2
9931,27806,278,6
9932,27810,278,10
9933,27814,278,14
9934,27818,278,18
9935,27822,278,22
9936,27826,278,26
9937,27830,278,30
9938,27834,278,34
9939,27838,278,38
9940,27842,278,42
9941,27846,278,46
9942,27850,278,50
9943,27854,278,54
9944,27858,278,58
9945,27862,278,62
9946,27866,278,66
9947,27870,278,70
9948,27874,278,74
9949,27878,278,78
9950,27882,278,82
9951,27886,278,86
9952,27890,278,90
9953,27894,278,94
9954,27898,278,98
9955,27902,279,2
9956,27906,279,6
9957,27910,279,10
9958,27914,279,14
9959,27918,279,18
9960,27922,279,22
9961,27926,279,26
9962,27930,279,30
9963,27934,279,34
9964,27938,279,38
9965,27942,279,42
9966,27946,279,46
9967,27950,279,50
9968,27954,279,54
9969,27958,279,58
9970,27962,279,62
9971,27966,279,66
9972,27970,279,70
9973,27974,279,74
9974,27978,279,78
9975,27982,279,82
9976,27986,279,86
9977,27990,279,90
9978,27994,279,94
9979,27998,279,98
9980,28002,280,2
9981,28006,280,6
9982,28010,280,10
9983,28014,280,14
9984,28018,280,18
9985,28022,280,22
9986,28026,280,26
9987,28030,280,30
9988,28034,280,34
9989,28038,280,38
9990,28042,280,42
9991,28046,280,46
9992,28050,280,50
9993,28054,280,54
9994,28058,280,58
9995,28062,280,62
9996,28066,280,66
9997,28070,280,70
9998,28074,280,74
9999,28078,280,78
